Region,1971,1972,1973,1974,1975,1976,1977,1978,1979,1980,1981,1982,1983,1984,1985,1986,1987,1988,1989,1990,1991,1992,1993,1994,1995,1996,1997,1998,1999,2000,2001,2002,2003,2004,2005,2006,2007,2008,2009,2010,2011,2012,2013,2014,2015,2016,2017,2018
Canada,63.88581,59.312336,59.986287,58.727675,59.019657,64.873788,69.397491,70.378684,75.666379,82.130634,81.703903,87.308535,95.061618,104.49147,100.847691,92.885762,99.788206,107.913615,108.282194,96.151156,101.156665,104.256442,95.634175,98.905735,100.654425,102.530048,109.054324,115.826548,116.434612,125.887718,123.280887,120.097255,119.252216,113.005746,111.303266,109.476202,117.753084,107.938155,89.850437,92.633522,87.385218,79.93868,76.269872,74.480009,69.176281,69.285507,69.594828,57.101889
Chile,5.143165,4.382517,4.62984,4.539046,3.598073,3.714769,3.903997,3.907439,4.280213,4.847618,4.859145,3.158249,3.79429,5.133686,4.976539,5.125296,4.940815,7.035355,9.202653,9.788579,7.939501,7.157638,6.993886,8.478761,8.891695,12.362493,16.027401,15.138136,15.619595,11.664729,9.19724,9.305667,9.079975,10.405487,10.257861,13.396722,13.006258,16.090271,15.080544,17.540901,21.442816,24.65317,28.015405,24.219027,27.76073,29.251852,29.417847,28.137335
Mexico,5.173034,5.788516,6.482444,6.783518,6.660184,7.277509,7.978763,8.2219,7.968721,7.317505,7.823516,8.191043,11.235301,11.114723,11.667957,12.001294,13.093982,11.787896,13.347847,15.146984,14.875762,14.835833,18.015805,19.954809,21.807332,24.743896,25.253878,25.940141,25.456439,26.413151,30.05484,34.322602,43.657921,39.286448,48.080647,52.188989,46.810533,42.677888,42.32115,53.575281,57.702313,50.671411,51.335346,50.135832,55.045725,48.411191,51.004086,48.256388
United States,1105.837617,1171.230958,1241.853451,1234.444277,1226.215872,1307.89908,1356.187694,1341.132942,1421.069447,1433.48254,1514.756316,1447.750242,1524.771833,1610.826433,1662.042909,1626.147067,1699.168246,1782.04706,1797.891745,1837.190938,1822.840687,1827.095721,1877.989323,1883.175051,1938.612129,2015.739513,2103.748382,2083.529505,2066.023526,2171.973035,2173.868451,2091.308825,2131.072668,2157.071793,2179.210734,2146.246661,2173.944713,2130.805746,1870.966772,1982.180673,1869.963869,1648.085339,1705.187946,1698.798209,1465.189959,1356.118237,1324.2305,1270.007031
OECD Americas,1180.039626,1240.714327,1312.952022,1304.494516,1295.493786,1383.765146,1437.467945,1423.640965,1508.98476,1527.778297,1609.14288,1546.408069,1634.863042,1731.566312,1779.535096,1736.159419,1816.991249,1908.783926,1928.724439,1958.277657,1946.812615,1953.345634,1998.633189,2010.514356,2069.965581,2155.37595,2254.083985,2240.43433,2223.534172,2335.938633,2336.401418,2255.034349,2303.06278,2319.769474,2348.852508,2321.308574,2351.514588,2297.51206,2018.218903,2145.930377,2036.494216,1803.3486,1860.808569,1847.633077,1617.172695,1503.066787,1474.247261,1403.502643
Australia,75.246575,79.311371,81.561271,86.935223,92.858124,92.940821,100.765948,92.87042,97.165609,106.644567,107.749916,112.616134,105.603217,108.310434,119.366212,117.733043,125.783333,131.070456,140.365549,140.834664,145.627084,148.719601,149.653862,151.969443,156.418984,163.416875,169.611483,187.71552,189.407289,190.104852,195.210175,196.901123,195.240529,203.907592,208.090636,211.438004,213.041349,210.561426,216.556118,201.96008,193.393348,188.517711,176.004041,167.319592,172.870656,178.888411,176.671579,170.212503
Israel,0.022935,0.00572,0.00572,0.00286,0.00286,0.00286,0.00286,0.00286,0.00286,0.00286,0.00286,2.239677,4.199079,6.695818,7.318127,8.106511,8.632643,8.544478,9.146521,9.462776,10.173261,12.403958,14.16873,15.016434,16.462526,19.558972,21.575549,23.203928,22.807186,25.559259,28.777483,30.074094,30.984817,31.015533,29.521718,30.512426,31.906076,30.227768,29.206828,29.320796,30.401433,33.676481,28.106923,26.157259,25.610447,21.855957,19.785191,18.630634
Japan,201.562167,206.829961,211.75396,211.465876,205.480879,204.350383,193.603369,175.493378,188.755206,198.433632,212.201294,222.6073,219.402597,243.53562,255.182839,246.327201,244.433047,264.562224,266.111013,296.274565,297.962666,294.962755,299.720648,308.639237,318.36024,327.184892,330.54571,303.670575,318.931825,346.245354,356.129998,374.841048,389.762603,396.421061,399.924652,395.381899,414.199201,398.099385,384.950421,421.884477,408.143002,428.260634,456.807823,456.483588,452.378285,444.52063,444.308882,431.278521
Korea,22.205204,23.015787,28.553017,30.449867,32.086462,34.784624,37.674298,38.424715,44.126886,50.535926,56.941477,57.649654,62.879608,76.549841,83.97124,87.994344,87.906099,93.599782,89.820937,90.785693,91.885238,86.85998,95.280722,100.853678,106.549717,122.088462,131.995837,136.068221,142.324905,180.495249,193.595312,182.875831,185.355144,200.19034,200.056055,210.349932,216.484533,242.481715,259.037735,284.289749,306.20688,298.756094,291.995968,298.561178,311.363051,303.387675,312.839991,315.264248
New Zealand,3.96995,4.098058,4.525577,4.505418,4.247266,4.392583,4.100772,4.319083,3.6992,3.912334,3.920519,3.953308,4.311129,4.298083,3.98808,3.458442,4.148544,4.834871,4.245362,3.386772,3.153714,3.502793,3.439667,3.307375,3.245937,3.208435,3.902908,4.487334,4.621293,4.455531,5.574966,5.491752,8.014174,8.160335,8.927304,8.923718,6.744945,8.308566,6.306955,5.509642,5.334831,6.781166,6.020817,5.49517,5.582296,4.673073,4.972221,5.007478
OECD Asia Oceania,303.006831,313.260897,326.399545,333.359244,334.675591,336.471271,336.147247,311.110456,333.749761,359.529319,380.816066,399.066073,396.39563,439.389796,469.826498,463.619541,470.903666,502.611811,509.689382,540.74447,548.801963,546.449087,562.263629,579.786167,601.037404,635.457636,657.631487,655.145578,678.092498,746.860245,779.287934,790.183848,809.357267,839.694861,846.520365,856.605979,882.376104,889.67886,896.058057,942.964744,943.479494,955.992086,958.935572,954.016787,967.804735,953.325746,958.577864,940.393384
Austria,16.289894,15.267815,15.326709,15.941742,13.851565,14.814299,12.435876,12.875424,13.954868,14.1501,15.097479,14.401814,15.219701,17.334621,17.411381,15.350094,15.25945,14.328216,14.35966,16.519029,17.477931,13.516637,12.205867,12.482459,14.311843,13.934232,14.743901,13.085575,13.229774,15.002004,15.712667,15.682971,16.808328,16.85354,16.35784,16.254562,15.785701,15.085466,11.364081,14.138885,14.778802,13.676751,14.234508,13.051421,12.579191,11.629725,11.876748,10.399108
Belgium,44.224184,46.176202,47.42864,51.484155,38.646734,40.39501,40.033659,41.138789,42.040553,41.870685,41.304594,40.799133,37.19933,41.410942,39.219484,35.357383,35.441839,37.073009,38.629517,40.41019,39.318406,35.682278,33.69871,36.487149,34.746166,33.105678,31.533546,31.152184,27.61117,30.254264,29.180283,24.433173,23.781702,22.011135,20.642383,19.286907,17.402309,17.903221,10.704148,14.002807,13.041344,12.063244,13.115749,12.398393,12.418279,11.76292,11.532201,11.420715
Czech Republic,132.041713,129.077492,122.712169,120.575681,124.23614,128.087172,134.65063,130.404798,138.842522,132.147139,132.110702,137.009393,138.816302,140.211396,138.920608,138.868144,138.865185,137.201563,128.703514,116.576692,106.132179,98.231519,95.970398,90.531627,91.43219,90.059123,87.761854,80.689804,74.155361,86.241161,83.485012,80.225968,82.646376,82.045619,78.03694,79.158575,81.976533,77.249023,72.290299,74.07061,72.682936,69.642581,65.875546,63.474884,62.881703,63.261355,62.608411,62.195529
Denmark,6.083362,5.529892,7.914259,6.797653,8.120401,11.446085,13.102285,14.15276,17.168529,24.190948,19.257334,23.314267,21.958677,23.601055,28.97757,29.26178,28.709272,26.801453,22.063268,24.178319,32.789164,27.321117,28.638526,30.764993,25.753102,35.36261,26.311597,22.341943,18.771454,15.731957,16.636301,16.661549,22.728809,17.403507,14.685722,22.068119,18.486637,16.25302,15.969298,15.519702,12.920144,10.128984,12.865751,10.203012,7.268336,8.405815,6.288574,6.445003
Estonia,..,..,..,..,..,..,..,..,..,..,..,..,..,..,..,..,..,..,..,23.576701,20.72362,17.381421,12.575738,12.198178,11.337286,11.860794,11.588717,11.129972,10.463211,10.42449,10.339665,10.004153,11.930982,11.901972,11.995773,10.679491,14.363905,12.981915,10.630957,14.233699,13.406486,11.996762,14.250985,13.126389,10.856166,10.95701,11.562822,11.32951
Finland,8.653621,9.625401,10.389676,10.587484,9.624318,12.929756,13.232305,17.996632,17.358555,20.124314,12.913892,13.65293,14.395323,16.170047,20.30084,18.580267,20.885799,20.679297,20.404005,21.690878,22.807655,20.377894,22.746974,27.227808,23.806369,29.461741,27.857002,23.015842,22.553363,21.634272,25.838119,28.067819,34.924263,31.547907,20.796927,31.680493,29.913931,22.993984,22.358045,28.781691,23.540433,18.958598,20.800408,18.729122,16.260135,18.056944,16.558558,17.286589
France,140.115613,123.721951,123.302074,122.489737,108.285501,122.56811,123.092392,119.874493,126.142855,125.562532,111.275966,114.583051,103.380998,100.071005,94.472712,80.689975,73.541894,73.84204,80.404624,75.90941,81.081332,72.036382,55.712141,55.903397,59.257176,62.845226,57.832491,67.661166,60.081811,59.596438,50.097361,51.799321,53.178268,51.741877,55.894018,52.560521,54.988725,50.194221,42.240074,45.600378,39.485437,43.771705,46.256491,34.325374,33.480413,30.568502,35.01766,37.896359
Germany,558.043211,547.870292,555.679799,556.003259,499.466918,531.56658,511.916551,523.342628,555.408687,561.240841,570.977737,558.534819,566.570035,591.38963,591.524722,573.797935,565.192785,562.095079,560.39212,516.183211,460.837715,419.993256,400.670328,392.335099,380.338936,382.77133,365.082168,356.23941,337.578249,345.905778,348.25888,349.50273,356.855549,347.982869,334.529694,340.907955,350.940996,324.821432,292.075081,314.317764,314.089701,324.985008,333.406336,317.175473,315.971318,303.893822,284.336293,273.068043
Greece,6.71473,7.501399,8.414094,8.733931,10.840354,13.076848,13.522002,12.546695,13.647186,13.221853,14.867107,16.024828,19.914565,21.191158,24.826669,25.317841,27.980429,30.69371,33.028246,33.519148,32.370735,34.416036,34.571335,35.842948,37.086599,33.688518,33.484084,34.301309,33.73849,38.29543,39.270722,37.858254,38.35555,39.011597,38.537997,35.350211,37.325101,36.079377,35.735474,33.556859,33.322611,33.567115,29.265893,27.448594,23.621572,20.06523,19.975665,19.762478
Hungary,35.861618,35.019467,35.768997,34.660129,33.760091,35.013979,35.01522,38.394532,37.804211,37.331638,36.93097,38.069693,36.490446,36.95551,35.576228,34.756195,34.8472,33.071675,31.084625,24.622156,23.199331,19.306932,18.412295,17.83976,17.548569,17.35321,16.494164,16.210643,16.479603,15.560529,14.972476,14.696946,15.127584,14.494416,12.54412,12.196156,12.253819,11.929766,10.206913,10.660521,10.813246,10.459034,9.112165,8.987792,9.34688,8.692851,8.909134,8.106149
Iceland,0.002495,0.002495,0.002495,0,0,0,0,0,0.058424,0.074625,0.13295,0.129127,0.181965,0.253469,0.268567,0.298413,0.240998,0.244463,0.253493,0.269613,0.274683,0.192691,0.18832,0.282366,0.229865,0.269825,0.235832,0.277378,0.240517,0.41116,0.388619,0.405845,0.384476,0.433284,0.415325,0.370014,0.444462,0.391139,0.357643,0.377471,0.38011,0.389397,0.407928,0.364196,0.388337,0.41325,0.428116,0.456114
Ireland,8.925153,8.30962,6.93345,7.997007,7.250963,7.596325,8.044515,6.882311,8.504346,8.097621,8.6793,9.159959,9.817291,9.422308,10.70025,11.563984,14.817456,14.976359,15.232955,14.697526,14.167322,13.734004,13.202402,12.488435,12.49753,12.4979,11.675885,11.753446,10.076642,10.642109,11.223416,10.987587,10.572611,9.937175,11.020659,9.849739,9.589673,9.429517,8.309593,8.176721,8.106395,9.381728,8.456229,8.340058,9.041395,8.680127,7.431623,5.827725
Italy,32.609076,30.810803,30.424599,35.318826,31.349445,35.034592,35.099128,34.324948,39.580125,44.434951,48.85107,52.476483,47.521137,56.618363,59.79523,54.897545,56.141108,52.851669,52.536871,56.563443,53.338818,44.891456,39.499118,42.284457,45.458757,41.582363,41.758663,42.64792,41.817806,43.945054,49.131946,50.708297,55.628362,63.422818,63.830342,61.851219,61.931947,59.775189,47.517355,52.442645,59.129304,61.14991,53.114729,51.160184,47.930905,42.666454,37.063345,34.332711
Latvia,..,..,..,..,..,..,..,..,..,..,..,..,..,..,..,..,..,..,..,2.807113,2.486094,2.197357,2.015359,1.530715,1.107038,1.037953,0.931127,0.683687,0.514927,0.544757,0.504571,0.409813,0.339096,0.271669,0.326239,0.347111,0.422883,0.418998,0.338563,0.427062,0.440599,0.365805,0.288767,0.236532,0.185157,0.164118,0.16127,0.190724
Lithuania,..,..,..,..,..,..,..,..,..,..,..,..,..,..,..,..,..,..,..,3.15405,3.522573,1.647433,1.454897,1.208794,0.970743,0.886834,0.72891,0.638941,0.540415,0.371663,0.330807,0.537487,0.697601,0.675955,0.751201,1.018582,1.01419,0.859433,0.680554,0.836908,0.967153,0.946745,1.08583,0.916979,0.729445,0.747054,0.796779,0.855023
Luxembourg,12.304146,11.506419,12.093814,11.027244,8.115803,8.590488,7.902938,9.014545,8.419375,8.396464,6.839842,6.314471,5.842549,6.698425,6.658426,6.07991,4.943635,5.277003,5.533137,5.236607,4.884052,4.338613,4.601413,3.815857,2.108968,1.914322,1.243279,0.376826,0.381299,0.43798,0.471019,0.295463,0.227246,0.317897,0.311416,0.37177,0.315568,0.301234,0.267946,0.269082,0.233644,0.21491,0.191761,0.213348,0.196652,0.209373,0.180917,0.168032
Netherlands,15.229963,14.270295,15.971315,15.051121,12.386208,10.875781,11.034705,12.288527,12.707302,14.437605,17.010316,19.248371,20.196994,24.059519,23.989151,24.937504,26.507054,32.028876,31.718829,29.873122,27.187785,27.188762,28.280449,30.502792,33.735405,32.395154,31.760091,32.593525,28.473467,29.712025,31.761517,31.992167,33.043158,32.537003,31.064214,29.646957,32.313894,30.43757,28.525238,29.050842,28.370138,31.450843,31.647231,35.152435,43.053027,39.986607,36.049726,32.5675
Norway,3.820668,4.073085,3.860205,4.271359,3.981353,3.909728,3.44948,3.466911,4.333184,3.985206,3.96372,3.81467,4.110268,4.580072,4.513453,4.015427,3.858108,4.061202,3.581925,3.518558,3.131512,3.20108,3.193576,3.579839,3.850254,3.867286,3.848477,3.999278,3.902583,3.9844,3.522291,2.95469,2.941525,3.395917,2.88276,2.528935,2.800202,2.883862,2.067193,2.622481,2.749894,2.911023,2.953787,2.951452,2.90747,3.021392,3.111808,3.01295
Poland,254.538829,262.708934,273.257901,283.793019,292.683556,311.944534,319.789519,342.001594,346.977846,356.893539,330.671393,339.150755,340.116524,354.036165,365.911287,369.419787,384.679973,372.323645,353.565713,291.133817,293.408971,284.617162,283.919835,274.685974,273.496554,284.364928,269.172212,244.593562,233.018537,221.422692,219.661629,213.678938,219.62539,218.494342,215.547609,224.85493,220.110954,214.038783,203.350253,214.615224,210.825456,206.658837,206.647493,194.791861,193.525144,194.038479,195.697947,191.85495
Portugal,2.50876,1.667663,2.074948,1.698958,1.67099,1.591308,1.61005,1.680571,1.731369,1.651863,1.436834,1.179326,1.55383,1.420577,2.930471,5.506052,7.076569,8.125174,9.638783,10.804792,11.339455,11.646764,12.436459,13.797405,14.171363,13.639876,13.652269,12.550369,14.932229,14.959671,12.61345,13.771556,12.977286,13.127297,13.383282,13.218948,11.411457,9.974799,11.316287,6.528915,8.826561,11.588085,10.51023,10.621507,12.912047,11.274425,12.866798,10.676769
Slovak Republic,24.177861,24.215915,24.234257,23.889054,24.205955,23.474899,24.149474,27.97019,27.061127,32.793598,31.895155,32.484317,32.706031,34.445468,34.158352,31.459542,33.070446,34.437582,33.090366,31.411328,27.95205,24.749434,23.918746,21.059258,21.568284,20.52815,19.602118,17.96758,17.313189,16.36442,16.584583,15.82978,17.626112,16.948978,16.016733,16.617718,16.160896,15.537601,14.720604,14.461877,14.119922,13.11878,13.017072,12.683745,12.069481,11.869806,12.439581,12.32301
Slovenia,..,..,..,..,..,..,..,..,..,..,..,..,..,..,..,8.434291,7.640849,7.19397,7.113427,6.648466,6.068386,6.241356,6.086672,5.542985,5.766649,5.41914,5.837704,6.186508,5.52169,5.628332,6.102002,6.535566,6.1139,6.213541,6.254768,6.405136,6.514846,6.336919,5.893662,6.010204,6.09673,5.788799,5.588234,4.393972,4.440118,4.754446,4.733912,4.623432
Spain,38.18709,39.056646,36.999319,35.937906,38.835605,37.290716,41.669414,37.374356,41.204007,49.044662,59.611909,67.027356,71.38861,72.374711,70.721526,73.464887,71.63332,61.56858,76.284271,75.218479,75.475364,80.13637,71.363865,71.026232,72.910484,60.935408,69.382609,66.813987,76.473486,83.413902,75.596539,85.362392,79.194118,81.66691,81.89573,70.514659,80.057791,54.276342,41.417325,32.416666,51.302744,59.766896,44.698928,47.423412,53.245092,39.38293,49.493491,43.326795
Sweden,5.517143,4.569924,6.354221,6.647443,6.998548,6.033397,4.983171,5.331526,5.917527,5.459875,4.784921,5.487832,7.347049,8.949825,10.745119,11.460475,11.418486,11.167405,10.371855,10.50759,10.922443,9.943907,9.966626,9.682214,9.569719,11.229853,9.181785,8.962091,8.707063,8.313923,8.590299,10.083149,10.740269,11.133964,10.052109,9.145691,9.054565,9.109359,6.363153,9.165689,8.516352,7.331826,7.542907,6.834622,6.911274,6.573472,6.851904,6.977041
Switzerland,1.921059,1.536663,1.57,1.441381,0.966229,0.902402,0.963768,0.884486,0.963742,1.376724,1.968698,1.766465,1.532082,2.036939,2.048524,1.769657,1.642541,1.405182,1.444283,1.431155,1.21321,0.843921,0.704594,0.710619,0.763619,0.574445,0.446736,0.371496,0.388144,0.552198,0.584503,0.53849,0.54828,0.522551,0.599299,0.608374,0.713777,0.6449,0.598269,0.602822,0.571895,0.515333,0.526909,0.583924,0.537675,0.477872,0.459009,0.424977
Turkey,16.413697,19.940148,19.12298,20.601085,21.226057,23.542367,23.286697,24.363978,25.43457,27.624282,28.162817,31.303592,34.366129,39.264332,46.398917,51.256371,55.076157,50.685492,56.682151,61.195288,65.460074,65.98098,62.400908,61.688656,64.569043,74.937286,82.275958,84.193115,77.687075,91.590021,76.38223,79.847038,84.506584,87.922452,88.57357,105.352103,119.312423,115.914882,119.969137,125.595569,131.011689,138.444785,120.008614,132.892792,135.480003,151.681229,156.778172,161.129013
United Kingdom,352.949734,300.0644,318.954642,281.091941,280.062885,282.749465,284.068135,270.510148,294.857176,271.910327,272.614173,254.428626,254.60426,183.950902,242.39095,259.072724,265.668056,257.653016,246.613128,247.096006,246.607905,233.80116,205.035946,192.129256,179.547499,170.657418,151.267125,150.608566,134.689624,142.63529,152.227111,143.016331,153.672758,148.362599,150.055833,163.784648,152.636645,137.541137,112.421889,115.695156,116.607838,147.850174,140.009259,113.036189,89.646395,45.3896,36.492039,31.263082
OECD Europe,1717.13362,1642.522921,1678.790563,1656.040115,1576.565619,1663.433841,1663.051914,1686.820842,1780.118086,1796.021392,1771.358879,1780.361278,1785.230096,1786.446439,1872.460437,1857.181892,1877.49776,1842.59169,1825.617339,1744.752687,1684.178765,1573.615922,1483.471497,1457.629272,1437.94001,1447.180603,1385.690304,1341.046123,1269.341179,1313.57592,1299.468018,1295.887473,1345.176183,1330.378791,1297.002503,1336.629524,1358.24383,1253.363089,1127.689034,1184.17825,1196.337564,1247.123658,1205.87974,1141.517662,1117.88361,1048.624808,1029.702503,997.919331
Albania,1.220198,1.328573,1.43266,1.489551,1.591169,1.623387,1.728855,2.213117,2.7855,2.520993,2.670567,3.010639,3.25626,3.516263,3.749502,3.698954,3.852837,3.876293,3.742408,2.438743,1.433238,0.376836,0.188426,0.166939,0.077313,0.112338,0.038771,0.048713,0.113332,0.068596,0.080526,0.061637,0.063625,0.063625,0.053684,0.053684,0.053684,0.06959,0.413887,0.456689,0.5721,0.317962,0.275846,0.350443,0.386084,0.208463,0.466833,0.897204
Armenia,..,..,..,..,..,..,..,..,..,..,..,..,..,..,..,..,..,..,..,0.970285,0.520298,0.247844,0.005273,0.06328,0.005273,0.008789,0.008789,0.008789,0.005273,0,0,0.03164,0.04746,0,0,0.001827,0.005273,0.003653,0,0.002437,0,0.004874,0.002437,0,0.002625,0.002373,0.001425,0.004381
Azerbaijan,..,..,..,..,..,..,..,..,..,..,..,..,..,..,..,..,..,..,..,0.351552,0.263664,0.04746,0.012304,0.014062,0.010547,0.010547,0.010547,0.001758,0,0,0,0,0,0,0,0,0,0,0,0,0,0,0,0,0,0,0,0
Belarus,..,..,..,..,..,..,..,..,..,..,..,..,..,..,..,..,..,..,..,9.590842,9.431661,8.319098,7.368018,5.977634,5.549918,5.546298,4.674041,4.487411,3.722154,3.827315,3.24473,2.893426,2.723019,2.483565,2.434834,2.37493,2.183145,2.007597,1.943984,2.135666,2.257803,2.926376,3.157266,3.311095,2.927628,3.167503,3.254378,3.270241
Bosnia and Herzegovina,..,..,..,..,..,..,..,..,..,..,..,..,..,..,..,..,..,..,..,17.667456,15.718378,13.472895,11.676509,1.25747,1.473037,2.080047,6.513472,8.307762,8.090662,10.053301,9.845572,10.809707,11.156873,11.278713,11.956028,13.36617,14.044987,15.297848,15.27321,15.551748,18.351299,17.064094,17.01089,14.624758,14.510311,16.662757,16.899213,16.981691
Bulgaria,34.037903,34.982181,35.385755,34.634407,35.935513,33.149224,33.533824,35.18004,36.763892,38.803565,39.05413,41.095422,40.703471,40.864188,43.328006,42.952796,44.085367,41.58989,41.574181,34.630065,30.488813,30.468772,32.29944,30.565654,30.246529,30.441942,32.894342,30.951197,26.000433,26.026005,29.232396,26.888928,30.089256,29.303752,28.442397,28.79642,32.137312,30.872946,26.185231,28.357234,33.371521,28.410335,24.275138,25.916159,26.905776,23.430895,25.194988,22.099175
Croatia,..,..,..,..,..,..,..,..,..,..,..,..,..,..,..,..,..,..,..,3.401917,1.571184,1.416166,1.181631,0.726904,0.738619,0.608776,1.004369,0.956491,0.851345,1.740975,1.936558,2.352758,2.610055,2.765114,2.747635,2.553489,2.766507,2.833876,2.03069,2.730362,2.808038,2.51699,2.692764,2.580016,2.413618,2.594706,1.572917,1.46336
Cyprus,0,0.002488,0,0,0,0,0,0,0,0,0,0,0,0.126915,0.18061,0.134237,0.368543,0.222102,0.248949,0.253722,0.253722,0.068008,0.081086,0.070623,0.052314,0.047083,0.049698,0.068008,0.078471,0.128169,0.13457,0.132364,0.136877,0.154853,0.141315,0.15375,0.131983,0.111205,0.057698,0.06649,0.029581,0.000523,0.000523,0.008783,0.014573,0,0.011802,0.053921
Georgia,..,..,..,..,..,..,..,..,..,..,..,..,..,..,..,..,..,..,..,3.533267,2.104567,1.27384,0.690271,0.688404,0.096255,0.050855,0.050855,0.085643,0.06622,0.033774,0.075927,0.058123,0.12431,0.028998,0.037283,0.033141,0.156847,0.265004,0.472813,0.100689,0.265419,0.460971,1.345918,1.233805,1.151004,1.112782,1.235022,1.271877
Gibraltar,0,0,0,0,0,0,0,0,0,0,0,0,0,0,0,0,0,0,0,0,0,0,0,0,0,0,0,0,0,0,0,0,0,0,0,0,0,0,0,0,0,0,0,0,0,0,0,0
Kazakhstan,..,..,..,..,..,..,..,..,..,..,..,..,..,..,..,..,..,..,..,158.691867,158.745595,160.449174,146.599496,138.746549,114.269252,101.955829,85.153493,85.511621,79.542819,74.719591,76.859859,81.315736,91.548433,100.559543,102.691849,107.377694,115.904648,145.435568,128.444741,137.624515,145.637298,147.599346,145.769231,136.307599,128.550977,138.883135,139.942662,138.384366
Kosovo,..,..,..,..,..,..,..,..,..,..,..,..,..,..,..,..,..,..,..,..,..,..,..,..,..,..,..,..,..,4.095591,5.197798,5.163126,5.44456,5.485536,5.244407,5.228938,5.470972,5.902299,6.701624,7.077453,6.858141,6.470903,6.613533,5.770427,6.617207,7.134891,6.002992,6.085971
Kyrgyzstan,..,..,..,..,..,..,..,..,..,..,..,..,..,..,..,..,..,..,..,10.222975,9.331998,4.052475,3.625175,3.445052,1.312446,1.950321,2.044025,2.031352,2.044598,1.884912,1.292089,2.104837,2.488595,2.291916,2.217326,2.10455,2.421506,3.349677,2.895501,2.825472,3.020552,4.234568,3.371009,4.153307,4.340888,3.538848,3.504204,4.221445
Malta,0,0,0,0,0,0,0,0,0,0,0,0.058576,0.126915,0.229424,0.468611,0.331932,0.444204,0.558916,0.739526,0.732204,0.593085,0.500339,0.732204,0.497899,0.126915,0,0,0,0,0,0,0,0,0,0,0,0,0,0,0,0,0,0,0,0,0,0,0
Republic of Moldova,..,..,..,..,..,..,..,..,..,..,..,..,..,..,..,..,..,..,..,7.927509,7.099603,4.234425,3.925038,3.837,2.347286,2.027693,1.094818,0.986545,0.550738,0.452271,0.357317,0.443363,0.62954,0.332274,0.436531,0.391891,0.29413,0.408191,0.389688,0.426686,0.43145,0.442854,0.601795,0.376981,0.392266,0.288815,0.409532,0.337414
Montenegro,..,..,..,..,..,..,..,..,..,..,..,..,..,..,..,..,..,..,..,..,..,..,..,..,..,..,..,..,..,..,..,..,..,..,1.210402,1.363387,1.05512,1.586935,0.870816,1.774841,1.794375,1.611124,1.555311,1.516243,1.599961,1.266016,1.286295,1.524571
Republic of North Macedonia,..,..,..,..,..,..,..,..,..,..,..,..,..,..,..,..,..,..,..,5.606552,5.635079,5.604047,5.618217,5.839524,6.025703,6.222813,5.817233,7.035258,6.16462,5.65406,6.252475,5.439405,6.215196,5.90431,6.186048,6.046217,6.15508,6.302215,5.642869,5.464006,6.237317,5.862988,4.906527,4.543627,4.091572,3.680243,4.031193,3.634764
Romania,32.535681,33.571643,36.775729,39.083938,39.488925,41.282048,40.838728,46.225502,49.626299,50.774157,53.552629,50.971569,58.92921,57.268811,59.68628,60.700251,65.460585,73.298043,70.254931,50.661689,41.340724,43.442059,39.436032,39.471518,41.269275,41.414031,35.746678,30.118924,26.742736,29.510806,30.652149,31.579686,36.633534,35.517716,36.292042,39.029485,39.22717,38.421242,31.375609,29.667925,34.639839,31.83179,25.090941,24.733925,25.672168,22.956752,22.858484,21.881159
Russian Federation,..,..,..,..,..,..,..,..,..,..,..,..,..,..,..,..,..,..,..,707.186514,657.991953,586.19653,515.851898,470.264292,483.694879,481.586703,413.836017,401.079465,427.225287,443.077155,438.825497,429.495629,429.082805,414.053902,413.597155,435.546648,419.444257,426.748899,375.415401,405.004846,425.025774,435.609603,414.469059,382.961713,411.057313,396.225039,387.932612,411.175498
Serbia,..,..,..,..,..,..,..,..,..,..,..,..,..,..,..,..,..,..,..,42.080886,36.225985,36.928242,34.271185,31.417884,36.870339,38.137795,39.283726,42.576337,31.432079,35.673774,34.421432,36.411371,38.997837,40.6502,34.814375,36.17148,34.528919,35.73525,32.838832,32.117302,36.41689,31.714601,32.927117,26.404188,32.326948,32.910693,33.026132,31.367343
Tajikistan,..,..,..,..,..,..,..,..,..,..,..,..,..,..,..,..,..,..,..,2.530696,1.682924,1.116572,0.529998,0.123289,0.062631,0.028165,0.070187,0.053334,0.039272,0.04912,0.046082,0.068923,0.087919,0.167018,0.175807,0.183557,0.320663,0.352302,0.351603,0.35407,0.392042,0.820898,0.991143,1.548857,1.83861,3.046623,3.514281,3.863334
Turkmenistan,..,..,..,..,..,..,..,..,..,..,..,..,..,..,..,..,..,..,..,1.177701,1.177701,1.054657,0.237298,0,0,0.175776,0,0,0,0,0,0,0,0,0,0,0,0,0,0,0,0,0,0,0,0,0,0
Ukraine,..,..,..,..,..,..,..,..,..,..,..,..,..,..,..,..,..,..,..,292.946546,256.160005,254.024829,223.507674,177.991635,166.405833,130.054214,123.741465,123.955768,121.889153,120.520261,121.818035,125.776908,142.965262,128.70272,118.657058,138.330719,150.427206,144.778715,124.748604,133.224237,144.662282,149.357424,147.055858,134.114078,104.596876,112.061388,89.028247,97.559592
Uzbekistan,..,..,..,..,..,..,..,..,..,..,..,..,..,..,..,..,..,..,..,13.992604,14.510623,10.317638,7.876984,7.971358,4.467836,4.833224,4.088766,4.30097,4.249191,4.607864,4.012936,4.245084,3.258165,4.437985,4.309123,4.669684,4.163688,5.125351,4.921653,4.236012,4.528511,5.777784,8.46945,7.727742,5.999135,7.186178,6.751495,8.156689
Former Soviet Union (if no detail),884.474402,927.349752,974.526769,1004.258798,1039.411147,1055.641124,1054.129844,1112.173465,1118.195939,1137.695056,1055.438928,1031.326451,1007.984719,998.153287,986.509741,1007.558899,1056.277908,1074.503081,1069.6394,..,..,..,..,..,..,..,..,..,..,..,..,..,..,..,..,..,..,..,..,..,..,..,..,..,..,..,..,..
Former Yugoslavia (if no detail),36.705398,35.139106,37.828404,39.065586,41.5043,40.59573,41.347503,43.291091,43.430106,43.639163,55.544477,59.493975,66.585127,70.285427,74.018624,75.398042,69.791135,70.859375,73.582006,..,..,..,..,..,..,..,..,..,..,..,..,..,..,..,..,..,..,..,..,..,..,..,..,..,..,..,..,..
Non-OECD Europe and Eurasia,988.973582,1032.373743,1085.949317,1118.53228,1157.931054,1172.291513,1171.578754,1239.083215,1250.801736,1273.432934,1206.260731,1185.956632,1177.585702,1170.444315,1167.941374,1190.775111,1240.280579,1264.9077,1259.781401,1366.595592,1252.2808,1163.611906,1035.714157,919.13697,895.1022,847.293239,756.121292,742.565346,738.808383,762.12354,764.285948,765.272651,804.303321,784.18174,771.645299,823.777661,830.893097,865.608363,760.974454,809.19868,867.300232,873.036008,840.581756,778.183746,775.39554,776.3581,746.924707,774.233996
Algeria,0.383695,0.371307,0.413434,0.281673,0.325099,0.343852,0.373239,0.340992,0.396488,0.192237,0.308068,1.172093,0.999309,1.032233,1.032233,1.256196,1.359233,1.375045,1.239865,1.288274,1.308201,1.364805,1.18324,1.397699,1.388868,0.975949,0.483112,0.797194,1.119166,0.707211,0.666077,0.766882,0.993595,1.419048,1.099329,1.029538,1.226657,0.36909,0.471387,0.776309,0.624065,0.621088,0.398253,0.233043,0.264523,0,0.471946,0.795953
Angola,0,0,0,0,0,0,0,0,0,0,0,0,0,0,0,0,0,0,0,0,0,0,0,0,0,0,0,0,0,0,0,0,0,0,0,0,0,0,0,0,0,0,0,0,0,0,0,0
Benin,0,0,0,0,0,0,0,0,0,0,0,0,0,0,0,0,0,0,0,0,0,0,0,0,0,0,0,0,0,0,0,0,0,0,0,0,0,0,0,0,0,0,0,0.170848,0.102508,0.195254,0.185177,0
Botswana,0,0.017858,0.044646,0.073665,0.158491,0.50003,0.656289,0.700934,0.792458,0.828174,0.899607,0.97104,0.948717,0.937556,1.04024,1.165248,1.187571,1.406334,1.515716,1.819305,1.783588,2.031371,2.009048,2.033603,2.035836,1.736711,1.779124,2.279154,2.270225,2.323799,2.015746,2.076017,1.879577,2.006816,2.27469,1.92199,1.975564,1.779124,1.663046,0.703167,1.174177,2.14745,2.368445,3.877464,3.881928,3.781476,4.445056,4.639152
Cameroon,0,0,0,0,0,0,0,0,0,0,0,0,0,0,0,0,0,0,0,0,0,0,0,0,0,0,0,0,0,0,0,0,0,0,0,0,0,0,0,0,0,0,0,0,0,0,0,0
Congo,0,0,0,0,0,0,0,0,0,0,0,0,0,0,0,0,0,0,0,0,0,0,0,0,0,0,0,0,0,0,0,0,0,0,0,0,0,0,0,0,0,0,0,0,0,0,0,0
Côte d'Ivoire,0,0,0,0,0,0,0,0,0,0,0,0,0,0,0,0,0,0,0,0,0,0,0,0,0,0,0,0,0,0,0,0,0,0,0,0,0,0,0,0,0,0,0,0,0,0,0,0
Dem. Rep. of Congo,1.012042,1.016168,0.853236,0.857453,0.827917,0.901426,0.911378,0.854635,0.76916,0.854635,0.868954,0.839758,0.824124,0.839284,0.836865,0.852132,0.864255,0.872101,0.89585,0.904963,0,0,0,0,0,0,0,0,0,0,0,0,0,0,0,0,0,0,0,0,0,0,0,0,0,0,0,0
Egypt,1.417358,1.254942,1.081451,1.922967,2.292059,2.222275,2.554505,2.437115,2.694773,2.171211,2.81954,2.89261,2.747188,2.784264,2.908186,2.961546,2.996188,3.287079,3.232012,2.863581,3.435995,3.525473,4.191273,3.561023,2.991872,3.214412,3.297043,3.367259,2.972603,3.51288,3.335412,3.576098,3.70821,3.788598,3.70821,3.300765,3.026246,2.698086,2.39646,2.282336,1.769545,1.60662,1.770673,2.547218,5.19756,8.231893,6.833507,13.059798
Equatorial Guinea,..,..,..,..,..,..,..,..,..,..,0,0,0,0,0,0,0,0,0,0,0,0,0,0,0,0,0,0,0,0,0,0,0,0,0,0,0,0,0,0,0,0,0,0,0,0,0,0
Eritrea,..,..,..,..,..,..,..,..,..,..,..,..,..,..,..,..,..,..,..,..,..,0,0,0,0,0,0,0,0,0,0,0,0,0,0,0,0,0,0,0,0,0,0,0,0,0,0,0
Ethiopia,0,0,0,0,0,0,0,0,0,0,0,0,0,0,0,0,0,0,0,0,0,0,0,0,0,0,0,0,0,0,0,0,0,0,0,0,0,0.03661,0.102508,0.122034,0.414916,0.549153,0.710238,0.988475,1.003119,1.283798,1.420476,1.51721
Gabon,0,0,0,0,0,0,0,0,0,0,0,0,0,0,0,0,0,0,0,0,0,0,0,0,0,0,0,0,0,0,0,0,0,0,0,0,0,0,0,0,0,0,0,0,0,0,0,0
Ghana,0,0,0,0,0,0,0,0,0,0,0,0,0,0,0,0,0,0,0,0,0,0,0,0,0,0,0,0,0,0,0,0,0,0,0,0,0,0,0,0,0,0,0,0,0,0,0,0
Kenya,0.204543,0.100048,0.177176,0.167224,0.115506,0.154255,0.157272,0.128069,0.039051,0.042068,0.222102,0.115288,0.081119,0.208611,0.222678,0.210475,0.224543,0.275797,0.319729,0.368543,0.37156,0.388644,0.322746,0.30078,0.383763,0.354475,0.361797,0.290441,0.283119,0.261153,0.261153,0.390509,0.366102,0.427119,0.353898,0.473492,0.434441,0.432,0.375865,0.654102,0.934781,0.837153,1.18373,1.845154,1.959866,1.930578,1.832621,1.037289
Libya,0,0,0,0,0,0,0,0,0,0,0,0,0,0,0,0,0,0,0,0,0,0,0,0,0,0,0,0,0,0,0,0,0,0,0,0,0,0,0,0,0,0,0,0,0,0,0,0
Mauritius,0,0,0,0,0,0,0,0,0,0,0,0,0,0.061017,0.082983,0.136678,0.122034,0.097627,0.161085,0.136678,0.146441,0.148882,0.151322,0.153763,0.153763,0.097627,0.112271,0.173288,0.331932,0.617492,0.729763,0.763933,0.771255,0.705356,0.888407,1.18373,1.398509,1.591323,1.454645,1.630374,1.564476,1.647459,1.735323,1.810984,1.757289,1.791459,1.866762,1.773261
Morocco,1.190947,1.487281,1.470725,1.465865,1.739267,1.901533,1.877594,1.888258,1.440547,1.604281,1.794696,1.71532,2.335526,2.269035,2.72382,3.490519,4.049016,3.936849,4.231286,4.217266,4.633218,3.965415,4.098613,4.470688,6.886396,7.944968,7.942674,8.834951,8.495156,10.503381,13.334432,13.66642,12.78286,12.171165,12.448257,12.876967,12.435187,11.664033,10.715121,11.054951,11.980336,11.977723,11.716737,15.990339,17.602592,16.964168,17.632757,19.560604
Mozambique,1.480194,1.269751,1.387978,1.331229,1.222461,1.179899,0.740097,0.584038,0.543841,0.680984,0.695171,0.57458,0.427979,0.295566,0.25064,0.156059,0.148966,0.153694,0.170246,0.137142,0.146601,0.141872,0.141872,0.141872,0.132413,0,0,0,0,0,0,0,0,0,0,0,0.021281,0.023645,0.023645,0.023645,0.122956,0.037832,0.037832,0.044926,0.033103,0.040197,0.080136,0.104571
Namibia,..,..,..,..,..,..,..,..,..,..,..,..,..,..,..,..,..,..,..,..,0.0322,0.02576,0.1932,0.214666,0.034347,0.030053,0.023613,0.036493,0.01288,0.00644,0.008587,0,0.017173,0.002147,0.042933,0.137386,0.165293,0.227546,0.105187,0.027907,0.01288,0.068693,0.055813,0,0.008587,0.072986,0.089909,0.028606
Niger,..,..,..,..,..,..,..,..,..,..,..,..,..,..,..,..,..,..,..,..,..,..,..,..,..,..,..,..,..,0.171872,0.177427,0.199062,0.206273,0.230311,0.20913,0.193506,0.175477,0.194708,0.207929,0.275235,0.299273,0.293263,0.270428,0.318503,0.26562,0.280043,0.295119,0.314187
Nigeria,0.517872,0.711934,0.724747,0.585949,0.641913,0.570119,0.620252,0.54267,0.526162,0.458242,0.416295,0.205798,0.160479,0.216195,0.25467,0.347545,0.315817,0.152291,0.160032,0.18646,0.181579,0.126915,0.019526,0.061017,0.048813,0.019526,0.024407,0.029288,0.039051,0.007322,0.007322,0.104949,0.056136,0.019526,0.019526,0.019526,0.056136,0.078102,0.082983,0.092746,0.078102,0.117153,0.10739,0.112271,0.114712,0.112271,0.113177,0.115368
Senegal,0,0,0,0,0,0,0,0,0,0,0,0,0,0,0,0,0,0,0,0,0,0,0,0,0,0,0,0,0,0,0,0,0,0.31136,0.372651,0.409426,0.527106,0.527106,0.62272,0.703625,0.985565,0.855627,0.858079,1.179245,1.483251,1.806868,1.322956,1.703026
South Africa,129.294305,132.876048,145.586559,153.19294,168.582585,181.917108,182.681073,158.727113,165.493942,174.515022,183.967629,180.912748,172.752511,182.43141,186.036285,183.165718,196.387218,192.709125,195.035867,200.704082,195.531774,193.080636,200.733213,204.183813,211.520612,221.452313,234.441405,242.285965,224.303335,231.428537,266.332001,275.522443,295.239778,320.264054,314.931115,315.660487,328.442083,360.431222,338.549697,357.309707,334.463481,351.999381,357.281458,370.886516,343.407933,347.564058,352.426173,349.977937
South Sudan,..,..,..,..,..,..,..,..,..,..,..,..,..,..,..,..,..,..,..,..,..,..,..,..,..,..,..,..,..,..,..,..,..,..,..,..,..,..,..,..,..,0,0,0,0,0,0,0
Sudan,0,0,0,0,0,0,0,0,0,0.003017,0.003017,0.003017,0,0,0,0,0,0,0,0,0,0,0,0,0,0,0,0,0,0,0,0,0,0,0,0,0,0,0,0,0,0,0,0,0,0,0,0
United Rep. of Tanzania,0,0,0,0,0,0,0,0.002441,0.002441,0.002441,0.002441,0.002441,0.017085,0.024407,0.039627,0.01278,0.010339,0.010339,0.007898,0.010339,0.010339,0.010339,0.107966,0.139695,0.095763,0.090305,0.051254,0.109831,0.183051,0.192814,0.190373,0.192814,0.134238,0.158644,0.075661,0.043932,0.065898,0.03661,0,0,0.197695,0.192814,0.207458,0.600407,0.627255,0.673628,1.363249,1.531898
Togo,0,0,0,0,0,0,0,0,0,0,0,0,0,0,0,0,0,0,0,0,0,0,0,0,0,0,0,0,0,0,0,0,0,0,0,0,0,0,0,0,0,0,0,0,0,0,0,0
Tunisia,0.293058,0.413825,0.321928,0.504753,0.363121,0.341024,0.31186,0.352192,0.441563,0.283838,0.305138,0.233417,0.24379,0.320511,0.308211,0.277351,0.348431,0.348748,0.38858,0.348631,0.286979,0.347552,0.346772,0.289668,0.303865,0.303865,0.303865,0.249416,0.355455,0.33538,0.306726,0.260754,0.074367,0,0,0,0,0,0,0,0.064913,0.052549,0,0,0,0,0,0
Zambia,2.009981,2.283432,2.199294,1.839366,1.902471,1.804309,1.617334,1.582276,1.259744,1.44672,1.156909,1.257407,1.119513,1.079781,1.100816,1.222349,1.033037,1.177943,1.098478,0.876445,0.864759,0.843725,0.827364,0.404333,0.345904,0.439391,0.50717,0.481461,0.292148,0.301497,0.317858,0.329543,0.350578,0.252416,0.324869,0.123871,0.030383,0.002337,0.002337,0.002337,0.002337,0.2828,0.348241,0.371613,0.383299,0.766598,1.863239,2.742774
Zimbabwe,5.760824,5.132379,6.154532,5.897527,5.17299,6.2934,5.168938,5.362505,5.507249,6.237525,6.080237,6.205515,6.049188,6.395324,7.708682,8.855852,12.209708,11.786392,12.307584,13.675052,15.254032,15.279579,13.684865,12.087209,11.481953,10.908351,9.832477,10.080198,10.633356,10.308984,10.70945,9.629879,7.846407,7.698765,8.22019,7.582143,7.672097,5.779684,5.770609,7.470537,7.793599,7.508553,7.704415,7.829255,8.196383,7.167105,6.320452,7.546004
Other Africa,0.111959,0.131863,0.139327,0.131863,0.177681,0.468775,0.461311,0.360849,0.496121,0.602105,0.533394,0.567855,0.394195,0.430514,0.498853,0.519041,0.506838,0.487313,0.476144,1.66372,2.238686,2.304214,2.304213,2.636146,2.623942,2.733773,3.112078,3.29757,3.272209,2.981768,3.141075,3.045889,2.894938,2.811955,3.329379,3.478552,3.782974,3.854416,3.787112,4.094266,3.029838,3.56944,4.849099,4.094638,4.053227,4.08384,4.65466,4.899779
Africa,143.676778,147.066836,160.555033,168.252474,183.521561,198.598005,198.131142,173.864087,180.40354,189.9225,200.073198,197.668887,189.100723,199.325708,205.044789,204.629489,221.763194,218.076677,221.240372,229.200481,226.225952,223.585182,230.315233,232.075975,240.42811,250.301719,262.27229,272.312509,254.563686,263.66053,301.533402,310.525192,327.321487,352.26728,348.298245,348.435311,361.435332,389.725642,366.331251,387.223278,365.512935,384.364751,391.603612,412.900899,390.342755,396.74622,403.217372,411.347417
Bangladesh,0.370185,0.370185,0.481042,0.427593,0.4949,0.488961,0.510737,0.4949,0.368206,0.493861,0.506899,0.613797,0.348469,0.139793,0.194001,0.292981,0.461247,0.475104,0.4949,1.114514,0.356328,0.334552,0.124715,0.116796,1.270903,0.696819,1.278821,0.368206,0.182123,1.306536,1.38572,1.439169,1.38374,1.38572,1.904374,1.866762,2.448765,2.539826,3.0664,3.202992,2.888236,3.573177,3.916072,3.666218,8.99417,6.346596,7.858333,8.722662
Brunei Darussalam,0,0,0,0,0,0,0,0,0,0,0,0,0,0,0,0,0,0,0,0,0,0,0,0,0,0,0,0,0,0,0,0,0,0,0,0,0,0,0,0,0,0,0,0,0,0,0,0
Cambodia,..,..,..,..,..,..,..,..,..,..,..,..,..,..,..,..,..,..,..,..,..,..,..,..,0,0,0,0,0,0,0,0,0,0,0,0,0,0,0.030578,0.050652,0.058107,0.063745,0.207081,0.970969,2.357698,2.7277,4.049114,3.221529
DPR of Korea,66.595681,67.971904,69.174594,71.408728,74.326822,79.811412,84.971961,88.347405,94.087558,99.999424,103.46519,108.885288,113.54628,116.831435,121.971282,120.204713,114.420301,115.95793,114.966306,108.888505,104.806207,92.870369,85.404658,78.884072,72.56357,62.824113,61.666451,55.638124,62.35056,66.818049,68.840072,65.591715,67.139799,68.67108,72.467339,74.335601,60.646551,67.687419,50.329557,46.721968,32.013131,33.515999,22.368428,26.058403,19.546357,24.078381,16.634164,12.40365
India,127.210579,130.484994,128.995477,144.691567,157.017037,169.660661,169.551462,158.220213,172.25872,181.576411,204.300137,217.956694,232.303104,251.98031,261.514163,286.614903,306.749283,323.511468,343.61601,364.791947,397.840761,414.232391,432.879568,451.481396,476.984039,496.278463,521.175583,518.114965,554.462779,571.514455,585.167268,601.891206,611.907637,671.857305,709.84293,757.667316,837.986033,909.716683,1016.754162,1088.762569,1158.306931,1287.534748,1345.256521,1486.024023,1447.130278,1438.948504,1522.540416,1628.037393
Indonesia,0.529282,0.496395,0.335406,0.425317,0.533245,0.428005,0.485973,0.49393,0.498885,0.55843,0.500301,0.471013,0.40328,0.170233,5.12675,9.580839,11.486479,12.22051,14.319342,15.556197,17.210761,17.706473,17.634537,19.722792,22.407741,25.258381,29.815153,33.66289,42.532966,52.12476,60.065421,61.95721,83.115896,76.377395,87.334664,104.787345,130.035061,116.893404,119.130807,141.875167,168.24202,150.669402,114.799024,145.141051,159.531621,174.074644,194.436754,221.920581
Lao People's Democratic Republic,..,..,..,..,..,..,..,..,..,..,..,..,..,..,..,..,..,..,..,..,..,..,..,..,..,..,..,..,..,0.037041,0.049388,0.076551,0.093837,0.113592,0.125939,0.153102,0.185205,0.278739,0.332012,0.598404,0.707344,0.741083,1.087183,1.140305,4.866348,11.230071,14.312969,14.492645
Malaysia,0.033967,0.008492,0.027598,0.040336,0.033967,0.046704,0.042458,0.089888,0.129837,0.209737,0.392009,0.369537,0.986265,1.068661,1.433205,1.061171,1.295877,1.031208,4.741561,5.253419,6.18725,6.496862,5.430697,6.032444,6.609221,6.641681,6.424453,6.856412,7.682876,9.845168,11.8951,14.409451,21.056125,26.262104,27.268344,28.014908,35.013642,38.743969,41.413126,58.529186,58.506714,62.903706,59.675251,60.823811,68.938647,74.801303,82.266722,88.246065
Mongolia,..,..,..,..,..,..,..,..,..,..,..,..,..,..,9.571383,10.538198,11.29438,11.927302,11.407564,10.416355,12.922336,11.493984,10.201439,9.210849,9.183392,7.560751,7.401959,7.33318,7.387029,7.669446,7.638488,8.147864,7.720181,7.805446,9.308175,10.454592,10.565344,10.316628,11.18557,11.638097,12.465736,13.444749,14.589726,14.418539,13.641184,14.999088,15.388783,17.035015
Myanmar,0.562655,0.358641,0.189831,0.410516,0.630203,0.53566,0.5481,0.590208,0.583628,0.609234,0.657463,0.661898,0.58917,0.614846,0.624608,0.648942,0.263535,0.241569,0.239128,0.269581,0.285428,0.158512,0.080669,0.069741,0.064254,0.048408,0.053326,0.054528,0.370673,1.276851,1.457904,1.106166,2.022328,1.010316,1.265422,1.590497,1.700733,1.503259,1.421589,1.639399,1.630728,1.922113,1.470956,1.627011,1.766056,1.381038,2.544134,2.940622
Nepal,0.028518,0.057035,0.185363,0.190116,0.109316,0.019011,0.047529,0.038023,0.171104,0.194869,0.14734,0.166351,0.337456,0.344585,0.038023,0.192492,0.228139,0.17348,0.028518,0.166351,0.232892,0.102187,0.128328,0.270915,0.292303,0.240021,0.242398,0.24715,0.952955,1.021872,1.169212,0.54183,0.691546,0.610747,0.974343,0.58223,0.779475,0.731946,0.736699,1.200105,1.425868,1.711041,1.321304,1.915416,2.207719,2.730537,3.131356,3.339378
Pakistan,2.575792,2.442889,2.258596,2.148988,2.24589,1.938799,2.214958,2.061122,2.418632,2.709787,3.150044,3.885958,3.619793,3.978744,5.020173,5.234432,5.464244,6.113097,6.012533,7.328215,6.855699,7.122813,7.672373,7.084415,8.043233,7.441231,7.055984,7.438111,7.064864,6.932953,7.666335,8.799433,12.168655,14.954332,14.632185,16.852118,22.126845,17.673086,17.443945,16.424855,16.162776,14.545672,13.81336,18.768307,19.985769,24.617197,40.021564,42.354862
Philippines,0.089796,0.089796,0.075338,0.126197,0.173163,0.19584,0.787028,1.223048,1.244521,1.549004,1.179625,1.502176,3.135349,4.003434,5.563395,4.128604,5.351527,5.518696,4.665522,5.07916,5.979374,5.378049,5.955602,6.434131,6.937508,9.440249,11.823361,12.838898,14.687811,19.915254,19.380763,18.095125,18.337131,19.317152,22.673605,21.49195,22.977376,27.082783,25.907485,29.820844,32.73734,34.386899,42.530657,45.4117,49.364302,55.916099,65.738599,69.864433
Singapore,0.017564,0.013308,0.019343,0.023599,0.005494,0.015087,0.019343,0.020509,0.003017,0.013271,0.020509,0.007237,0.014474,0.022324,0.050682,0.031376,0.052498,0.06155,0.055515,0.095943,0.056717,0.082671,0.091724,0.109828,0.051296,0.001202,0,0,0,0,0,0.030174,0.039226,0.030762,0.009052,0.021122,0.036209,0.018105,0.018105,0.033191,0.033191,0.106412,1.048514,1.543972,1.610849,1.688951,1.891241,1.90251
Sri Lanka,0.006035,0.006035,0.009052,0.01207,0.01207,0.006035,0.003017,0.009052,0.006035,0.006035,0.006035,0.003017,0.003017,0.006035,0.006035,0.003017,0.003017,0,0.002441,0.019526,0.002441,0.002441,0.002441,0.002772,0.01688,0.008807,0.008807,0.008807,0.00579,0.003017,0.003017,0.05015,0.266408,0.07233,0.260863,0.191305,0.188532,0.199623,0.257846,0.263391,1.414582,2.007317,2.112673,4.053449,5.45358,5.772421,5.979308,5.778144
Chinese Taipei,10.246337,10.428177,9.184055,8.522781,8.628622,8.455659,8.516577,9.442391,11.481589,14.058754,13.190194,15.874048,21.324956,24.751977,24.871406,31.69015,34.47992,39.364434,41.215898,39.992028,43.729291,50.463433,55.105065,57.613568,59.578334,67.705444,76.576558,84.528456,88.600043,103.964536,112.523944,119.808982,128.234703,132.127851,134.747562,141.368614,146.72834,140.646306,135.241321,142.414128,148.183429,146.28361,148.194113,149.028668,144.057561,147.043841,150.194414,149.950287
Thailand,0.470619,0.372163,0.398862,0.598765,0.572366,0.663589,0.629336,0.828477,1.748867,1.887742,2.106008,2.733097,2.621257,3.302476,6.672185,7.051825,8.995963,9.817004,11.930801,16.372033,19.323085,20.67106,23.070805,26.2033,29.922924,36.267192,36.292933,30.422343,31.925534,32.048467,37.029214,38.759517,39.224904,44.303162,47.772381,50.766714,56.512756,61.554302,59.776534,65.43395,66.035585,65.737464,68.956384,64.653077,68.157074,62.227715,65.987093,63.7242
Viet Nam,5.676482,4.268057,6.146696,7.341552,10.209237,9.644395,10.566796,10.613174,10.973504,9.361748,10.420736,11.527641,11.601392,11.610611,11.543774,12.719192,14.180399,13.283854,10.669722,9.149147,8.839757,8.863359,8.575821,9.471811,13.68573,14.729605,18.700675,18.836655,17.398496,17.995424,20.678143,22.704012,23.969315,30.224384,33.992633,36.555298,39.168661,48.30538,51.879444,60.227726,64.147738,64.739163,70.754729,81.793318,110.14,116.710263,115.336225,150.212256
Other Asia,4.505268,3.928074,4.070502,4.35718,4.863635,5.089884,5.973629,6.685532,7.08377,7.826759,7.279559,7.612088,7.911643,8.703539,0.955134,0.972606,0.948199,0.91659,0.949093,0.844144,0.850692,0.561357,0.524746,0.529628,0.595526,0.741967,0.741967,0.836474,0.993211,0.82495,0.866442,0.920137,0.990916,0.793221,0.805424,0.854238,1.261832,1.989154,1.515662,3.170443,4.98875,4.005156,4.23702,4.734919,4.376139,5.193767,5.261349,5.423035
Asia (excl. China),218.91876,221.296145,221.551755,240.725305,259.855967,276.999702,284.868904,279.157872,303.057873,321.055066,347.322049,372.26984,398.745905,427.529003,455.156199,490.965441,515.675008,540.613796,565.314854,585.337065,625.479019,636.540513,652.883188,673.238458,708.206854,735.884334,779.258429,777.185199,836.59771,893.298779,935.816431,964.328692,1018.362347,1095.916899,1165.385235,1247.553712,1368.36136,1445.880612,1536.440842,1672.007067,1769.948206,1887.891456,1916.338996,2111.773156,2132.125352,2170.488116,2313.572538,2489.569267
People's Rep. of China,659.418784,690.579459,701.06042,693.758676,818.323235,822.376049,944.019183,1076.773944,1105.486931,1101.422781,1110.358322,1173.749585,1239.923291,1368.244047,1384.716576,1462.212754,1570.97749,1695.621231,1757.393569,1790.814955,1880.787024,1950.012667,2100.052339,2211.795807,2472.896663,2434.325644,2450.317389,2534.369294,2390.659191,2532.578527,2669.53348,2894.73798,3380.269488,3924.46952,4567.806562,5051.397991,5508.938282,5675.894923,6116.467507,6574.329448,7282.328754,7434.761742,7703.127772,7590.949906,7461.959016,7356.688581,7444.252066,7612.274408
"Hong Kong, China",0.100434,0.069305,0.041453,0.041825,0.033989,0.052261,0.041825,0.031701,0.034561,0.02438,0.147856,2.488469,7.341378,10.256576,12.610387,15.311801,19.070448,21.163975,22.566946,24.126961,25.915559,27.82173,30.301881,23.399638,23.738473,19.671881,14.856419,17.629032,14.863741,16.789438,19.605982,21.277848,26.0567,26.09331,26.41792,27.831074,29.925178,27.689515,30.096025,25.19758,30.57928,30.144839,31.660501,33.654537,27.296565,27.24043,25.633452,24.958806
"China (incl. Hong Kong, China)",659.519218,690.648764,701.101873,693.800501,818.357224,822.42831,944.061008,1076.805645,1105.521492,1101.447161,1110.506178,1176.238054,1247.264669,1378.500623,1397.326963,1477.524555,1590.047938,1716.785206,1779.960515,1814.941916,1906.702583,1977.834397,2130.35422,2235.195445,2496.635136,2453.997525,2465.173808,2551.998326,2405.522932,2549.367965,2689.139462,2916.015828,3406.326188,3950.56283,4594.224482,5079.229065,5538.86346,5703.584438,6146.563532,6599.527028,7312.908034,7464.906581,7734.788273,7624.604443,7489.255581,7383.929011,7469.885518,7637.233214
Argentina,3.812451,3.453847,3.471613,3.858254,3.700445,3.733523,3.648585,4.167722,3.546085,3.129601,2.991385,3.274255,2.931552,2.942558,3.44144,2.867891,3.614539,4.552364,4.690263,4.028528,3.784558,3.350723,2.997063,4.78968,4.328618,4.437712,4.394869,4.703865,4.616554,4.655585,3.753149,3.26607,3.527777,4.700255,5.709507,5.937338,5.987045,6.699713,5.124969,6.33974,7.232185,6.687398,6.650077,7.137548,6.61781,5.436817,5.797447,6.385489
Bolivia,0,0,0,0,0,0,0,0,0,0,0.131937,0.602271,0.740085,0.430343,0.258153,0.157731,0,0,0,0,0,0,0,0,0,0,0,0,0,0,0,0,0,0,0,0,0,0,0,0,0.002625,0,0.002625,0.013123,0.015748,0.015748,0.024965,0.02027
Brazil,6.048909,6.409646,6.158667,6.219125,6.939564,7.760726,9.874881,12.439856,13.63746,15.057647,17.04113,19.205881,20.441335,24.872009,26.383393,28.800321,30.220902,30.695462,29.779166,27.673244,32.226512,31.102621,31.861931,31.43101,32.776892,33.896874,36.470472,35.542937,39.02107,46.45602,45.539434,44.78025,46.084148,48.829067,45.589703,45.422906,47.92898,48.453889,39.547545,54.147018,56.602911,59.445164,63.954986,67.168866,68.024499,61.359744,64.632857,63.884615
Colombia,6.091974,5.99835,6.412147,7.681437,6.654945,7.300511,7.331791,8.828652,8.85135,8.844965,8.776666,8.510884,8.73647,9.017229,10.164543,10.908271,11.965647,11.110624,12.263952,12.230005,12.656338,13.093061,14.801169,13.926949,13.947522,11.786731,12.408285,11.820521,9.871765,12.136646,12.13647,11.457508,11.390198,9.452027,10.472227,9.727466,10.251834,9.960065,12.361085,10.808937,12.596325,10.014127,15.895131,16.370915,15.562256,15.653513,12.910712,14.230487
Costa Rica,0.002488,0.002488,0.002488,0.002488,0.002488,0.002488,0.002488,0.002441,0.002441,0.002441,0.002441,0.002441,0.002441,0.002441,0.002441,0.002441,0.002441,0.002441,0,0,0,0,0,0,0,0,0,0,0,0.002441,0.122034,0.002441,0.087864,0.004881,0.004881,0.004881,0.061017,0.002441,0.009763,0.002441,0.021966,0.009763,0.019526,0.024407,0.002441,0.002441,0.020243,0.001313
Cuba,0.40782,0.459983,0.326859,0.280932,0.322855,0.284693,0.315451,0.375331,0.329011,0.400976,0.41698,0.511175,0.396039,0.458812,0.513819,0.486552,0.462341,0.435841,0.227509,0.588231,0.392609,0.182117,0.215963,0.289777,0.263346,0.04924,0.09745,0.114164,0.127522,0.113381,0.072339,0.10932,0.092135,0.095466,0.081141,0.02938,0.079483,0.095231,0.092606,0.080906,0.014089,0.016478,0.036979,0.005484,0.021232,0.008109,0.010915,0.006479
Curaçao,0,0,0,0,0,0,0,0,0,0,0,0,0,0,0,0,0,0,0,0,0,0,0,0,0,0,0,0,0,0,0,0,0,0,0,0,0,0,0,0,0,0,0,0,0,0,0,0
Dominican Republic,0,0,0,0,0,0,0,0,0,0,0,0,0.019917,0.037392,0.546712,0.068339,0.566238,0.236746,0.024407,0.041492,0.473492,0.449085,0.524746,0.148882,0.195254,0.253831,0.258712,0.227952,0.319318,0.344168,0.642014,1.155217,1.693772,2.23708,2.29375,3.217227,3.327149,3.434364,2.946431,3.213199,3.383069,3.545842,3.535369,4.132658,4.324834,4.095738,4.109909,4.462713
Ecuador,0,0,0,0,0,0,0,0,0,0,0,0,0,0,0,0,0,0,0,0,0,0,0,0,0,0,0,0,0,0,0,0,0,0,0,0,0,0,0,0,0,0,0,0,0,0,0,0
El Salvador,0,0,0,0,0,0,0.003017,0.003017,0.003017,0.003017,0.003017,0.003017,0,0,0,0,0,0,0,0,0,0,0.003017,0.003017,0.003017,0.003017,0.003017,0.003017,0.003017,0.003017,0.003017,0,0.003017,0.003017,0.003017,0.003017,0.003017,0.003017,0.003017,0.003017,0.003017,0.003017,0.003017,0.003017,0.003017,0.003017,0.001729,0.002103
Guatemala,0,0,0,0,0,0,0,0,0,0.053695,0.051254,0.009763,0.007322,0,0,0,0,0,0,0,0,0,0,0,0,0,0,0,0.03661,0.524746,0.868882,0.951865,0.893289,1.037289,0.998238,1.044611,1.093424,1.100747,0.71756,1.198374,1.205696,1.605967,2.418714,2.613968,3.746444,4.400546,3.652395,4.312545
Haiti,0,0,0,0,0,0,0,0,0,0,0,0.087864,0.124475,0.131797,0.148882,0.043932,0.043932,0.075661,0.029288,0.029288,0.061017,0.063458,0,0,0,0,0,0,0,0,0,0,0,0,0,0,0,0,0,0,0,0,0,0,0,0,0,0
Honduras,0,0,0,0,0,0,0,0,0.00286,0,0.00286,0,0,0,0,0.00286,0.00286,0.00286,0.00286,0.00286,0.00286,0.00286,0.00286,0.00286,0.00286,0.00286,0.00286,0.00286,0.136678,0.329492,0.300204,0.344136,0.412475,0.432,0.087864,0.163526,0.175729,0.290441,0.25139,0.261153,0.309967,0.356339,0.344136,0.366102,0.314848,0.141559,0.001665,0
Jamaica,0,0,0,0,0,0,0,0,0,0,0,0,0,0,0,0,0,0.019526,0.136678,0.126915,0.034169,0.161085,0.134237,0.129356,0.134237,0.156203,0.163526,0.173288,0.175729,0.129356,0.129356,0.21478,0.207458,0.226983,0.144,0.078102,0.087864,0.117153,0.153763,0.131797,0.158644,0.178169,0.217221,0.205017,0.236746,0.229424,0.20026,0.212578
Nicaragua,0,0,0,0,0,0,0,0,0,0,0,0,0,0,0,0,0,0,0,0,0,0,0,0,0,0,0,0,0,0,0,0,0,0,0,0,0,0,0,0,0,0,0,0,0,0,0,0
Panama,0.004976,0.022392,0.032344,0.01244,0.002488,0,0,0,0,0,0,0,0,0,0.073221,0.073221,0.080542,0.039051,0.03661,0.078102,0.109831,0.119593,0.129356,0.131797,0.124475,0.263593,0.139119,0.144,0.146441,0.146441,0.153763,0.109831,0,0,0,0,0,0,0,0,0.578441,0.788339,0.834713,0.859119,0.864001,0.763933,0.213071,0.533777
Paraguay,0,0,0,0,0,0,0,0,0,0,0,0,0,0,0,0,0,0,0,0,0,0,0,0,0,0,0,0,0,0,0,0,0,0,0,0,0,0,0,0,0.002881,0.005762,0,0,0.011524,0.005762,0.003927,0.015488
Peru,0.578631,0.47693,0.603185,0.615033,0.617671,0.554903,0.56322,0.543248,0.546265,0.666125,0.684552,0.607861,0.577175,0.461087,0.731023,0.808336,0.717634,0.736307,0.774538,0.601537,1.01165,1.365655,1.36157,1.391317,1.409951,1.519532,1.556879,1.760249,1.625875,2.473457,2.23432,3.075763,2.972771,3.401308,3.625768,3.068302,4.272619,3.794739,3.338798,3.558973,3.329745,3.227477,3.582615,3.57015,3.544779,3.653571,2.994247,2.704777
Suriname,..,..,..,..,..,..,..,..,..,..,..,..,..,..,..,..,..,..,..,..,..,..,..,..,..,..,..,..,..,0,0,0,0,0,0,0,0,0,0,0,0,0,0,0,0,0,0,0
Trinidad and Tobago,0,0,0,0,0,0,0,0,0,0,0,0,0,0,0,0,0,0,0,0,0,0,0,0,0,0,0,0,0,0,0,0,0,0,0,0,0,0,0,0,0,0,0,0,0,0,0,0
Uruguay,0.066799,0.060815,0.054937,0.05156,0.059457,0.046744,0.067141,0.025097,0.025416,0.034828,0.034988,0.022758,0.029153,0.023957,0.018402,0.018921,0.022419,0.023098,0.02008,0.017742,0.021279,0.021599,0.024457,0.023737,0.017063,0.017063,0.02024,0.021439,0.01974,0.018102,0.01976,0.019081,0.017762,0.01037,0.003017,0.003017,0.006035,0,0,0,0,0,0,0,0,0,0,0
Venezuela,0.608664,0.642692,1.173928,0.872464,1.079364,0.705616,1.100699,0.326069,0.698934,0.673173,0.662702,0.371282,0.529897,0.576616,0.771022,0.854217,1.126327,0.790592,2.125837,1.891638,0,0.014457,0.112763,0.219743,0.02024,0.06361,0.135894,0.141676,0.144568,0.523335,0.193721,0.072284,0.17059,0,0.147459,0.980169,0.549357,0.558032,0.93969,0.78934,0.812471,0.835601,0.83271,0.780666,0.520444,0.584053,0.324473,0.12979
Other Non-OECD Americas,0.117471,0.106311,0.133932,0.130725,0.112771,0.105213,0.099728,0.094026,0.094026,0.085543,0.14322,0.09425,0.057268,0.044165,0.015518,0.015518,0.015518,0.015518,0.021173,0.018346,0.021173,0.021173,0.021173,0.021173,0.021173,0.021173,0.021173,0.25931,0.310951,0.323155,0.336393,0.347562,0.362593,0.37583,0.383153,0.388034,0.441342,0.419376,0.421817,0.391966,0.013449,0.013449,0.017035,0.014966,0.013931,0.012897,0.011604,0.011432
Non-OECD Americas,17.740183,17.633454,18.3701,19.724458,19.492048,20.494417,23.007001,26.805459,27.736865,28.952011,30.943132,33.303702,34.593129,38.998406,43.068569,45.108551,48.84134,48.736091,50.132361,47.327928,50.795488,49.947487,52.190305,52.509298,53.244648,52.471439,55.672496,54.915278,56.555838,68.179342,66.504856,65.906108,67.915849,70.805573,69.543725,70.067976,74.264895,74.929208,65.908434,80.926861,86.267481,86.732892,98.344854,103.266006,103.824554,96.366872,94.910419,96.913856
Bahrain,0,0,0,0,0,0,0,0,0,0,0,0,0,0,0,0,0,0,0,0,0,0,0,0,0,0,0,0,0,0,0,0,0,0,0,0,0,0,0,0,0,0,0,0,0,0,0,0
Islamic Rep. of Iran,0.425509,0.665774,1.110846,1.211192,2.131669,2.114813,2.135484,1.324718,1.883177,1.984675,1.675689,2.230446,2.113245,1.667695,1.650996,1.622804,1.599617,1.65878,1.219893,1.217569,1.693533,1.492948,1.989186,2.031863,1.871054,2.048968,2.06438,2.381714,3.072769,3.411637,3.217487,3.253755,3.517621,3.741312,4.736467,4.657534,4.945008,3.649101,2.704685,2.705982,2.995294,2.743783,3.763043,4.316875,4.634878,4.566579,5.118313,5.363566
Iraq,0,0,0,0,0,0,0,0,0,0,0,0,0,0,0,0,0,0,0,0,0,0,0,0,0,0,0,0,0,0,0,0,0,0,0,0,0,0,0,0,0,0,0,0,0,0,0,0
Jordan,0,0,0,0,0,0,0,0,0,0,0,0,0,0,0,0,0,0,0,0,0,0,0,0,0,0,0,0,0,0,0,0,0,0,0,0,0,0,0,0,0,0.929112,0.879101,1.49717,0.724374,0.911239,0.688867,0.860116
Kuwait,0,0,0,0,0,0,0,0,0,0,0,0,0,0,0,0,0,0,0,0,0,0,0,0,0,0,0,0,0,0,0,0,0,0,0,0,0,0,0,0,0,0,0,0,0,0,0,0
Lebanon,0.01154,0.020593,0.047749,0.032662,0.032662,0.017575,0.017575,0.017527,0.017527,0.017527,0.017527,0.008475,0,0,0,0,0,0,0,0,0,0,0.290604,0.293222,0.47125,0.523611,0.523611,0.523611,0.523611,0.523611,0.523611,0.523611,0.523611,0.523611,0.523611,0.523611,0.523611,0.523611,0.523611,0.589063,0.654514,0.654514,0.523611,0.654514,0.657132,0.667604,0.671298,0.672638
Oman,0,0,0,0,0,0,0,0,0,0,0,0,0,0,0,0,0,0,0,0,0,0,0,0,0,0,0,0,0,0,0,0,0,0,0,0,0,0,0,0,0,0,0,0,0,0,0,0
Qatar,0,0,0,0,0,0,0,0,0,0,0,0,0,0,0,0,0,0,0,0,0,0,0,0,0,0,0,0,0,0,0,0,0,0,0,0,0,0,0,0,0,0,0,0,0,0,0,0
Saudi Arabia,0,0,0,0,0,0,0,0,0,0,0,0,0,0,0,0,0,0,0,0,0,0,0,0,0,0,0,0,0,0,0,0,0,0,0,0,0,0,0,0,0,0,0,0,0,0,0,0
Syrian Arab Republic ,0.019061,0.005348,0.011226,0.005348,0.008209,0.011226,0.011226,0.019498,0.011178,0.011178,0.023382,0.02666,0.021779,0.013619,0.00572,0.00286,0.00286,0.00286,0,0,0.00598,0.00598,0.00598,0.00598,0.00598,0.01456,0.0117,0.01456,0.0117,0.0117,0.0117,0.00884,0.0117,0.0117,0.0117,0.0117,0.0117,0.0117,0.0117,0.0117,0.0117,0.00156,0.00156,0.000781,0.000781,0.000781,0.000781,0.000781
United Arab Emirates,0,0,0,0,0,0,0,0,0,0,0,0,0,0,0,0,0,0,0,0,0,0,0,0,0,0,0,0,0,0,0.073221,0.373424,0.439322,0.497899,0.576001,1.115391,0.536949,1.359459,1.088415,2.610273,1.768454,5.486752,7.014305,7.819239,6.798821,7.294968,8.436722,7.619982
Yemen,0,0,0,0,0,0,0,0,0,0,0,0,0,0,0,0,0,0,0,0,0,0,0,0,0,0,0,0,0,0,0,0,0,0,0,0,0,0.117153,0.219661,0.414916,0.424678,0.434441,0.456407,0.456407,0.380746,0.329492,0.309913,0.301536
Middle East,0.45611,0.691715,1.169821,1.249202,2.17254,2.143614,2.164285,1.361743,1.911882,2.01338,1.716598,2.265581,2.135024,1.681314,1.656716,1.625664,1.602477,1.66164,1.219893,1.217569,1.699513,1.498928,2.28577,2.331065,2.348284,2.587139,2.599691,2.919885,3.60808,3.946948,3.826019,4.15963,4.492254,4.774522,5.847779,6.308236,6.017268,5.661024,4.548072,6.331934,5.85464,10.250162,12.638027,14.744986,13.196732,13.770663,15.225894,14.818619
IEA/Accession/Association,4124.335636,4159.209224,4302.159374,4294.266869,4360.444929,4568.390156,4745.803091,4830.961703,5083.359692,5159.887108,5281.270747,5320.218191,5482.902502,5783.745104,5987.459191,6029.504183,6285.437883,6513.771685,6610.992702,6644.812513,6708.400771,6683.229215,6832.331964,6974.955929,7338.82348,7467.153336,7585.281173,7609.507875,7433.28356,7840.885437,8056.385945,8235.025552,8888.437878,9550.211529,10241.59199,10815.51024,11475.16085,11587.80575,11707.12878,12529.88384,13216.98561,13328.4759,13657.37343,13654.37332,13239.66084,12937.34594,13101.2185,13279.1967
European Union - 28,..,..,..,..,..,..,..,..,..,..,..,..,..,..,..,..,..,..,..,1768.01767,1688.346814,1579.292594,1490.714492,1462.70039,1440.960881,1440.043593,1368.578388,1314.299476,1240.795845,1274.444096,1280.546048,1273.095146,1326.26504,1305.846022,1272.154938,1298.303242,1309.235938,1205.767575,1064.34602,1115.801918,1132.472955,1167.622758,1134.041868,1057.964181,1033.57626,942.013418,918.563589,878.393892
G7,2455.003228,2439.840701,2541.954812,2499.541591,2409.881157,2549.041998,2573.36476,2535.057221,2701.479875,2717.195457,2812.380459,2737.689056,2811.312478,2890.883423,3006.257053,2933.818209,3003.933342,3100.964703,3112.231695,3125.368729,3063.825788,2997.037172,2974.261679,2973.372232,3022.229162,3103.31079,3159.288863,3120.18369,3075.557453,3236.188667,3252.994634,3181.273807,3259.422424,3278.008763,3294.748539,3270.209105,3326.395311,3209.175265,2840.022029,3024.754615,2894.804369,2734.04145,2811.052456,2745.459026,2473.773556,2292.442752,2231.043547,2134.947636
G8,..,..,..,..,..,..,..,..,..,..,..,..,..,..,..,..,..,..,..,3832.555243,3721.817741,3583.233702,3490.113577,3443.636524,3505.924041,3584.897493,3573.12488,3521.263155,3502.78274,3679.265822,3691.820131,3610.769436,3688.505229,3692.062665,3708.345694,3705.755753,3745.839568,3635.924164,3215.43743,3429.759461,3319.830143,3169.651053,3225.521515,3128.420739,2884.830869,2688.667791,2618.976159,2546.123134
G20,..,..,..,..,..,..,..,..,..,..,..,..,..,..,..,..,..,..,..,7440.479386,7439.443892,7345.507677,7421.722365,7504.955427,7876.280668,7987.592536,8026.371267,8038.631514,7874.746439,8305.777953,8517.890173,8686.217504,9350.396934,9990.296262,10678.62405,11272.98814,11919.46869,12026.77502,12089.0839,12930.88734,13649.06061,13757.14969,14048.85088,14020.55954,13620.10526,13301.84412,13451.6434,13650.25821
Africa,143.676778,147.066836,160.555033,168.252474,183.521561,198.598005,198.131142,173.864087,180.40354,189.9225,200.073198,197.668887,189.100723,199.325708,205.044789,204.629489,221.763194,218.076677,221.240372,229.200481,226.225952,223.585182,230.315233,232.075975,240.42811,250.301719,262.27229,272.312509,254.563686,263.66053,301.533402,310.525192,327.321487,352.26728,348.298245,348.435311,361.435332,389.725642,366.331251,387.223278,365.512935,384.364751,391.603612,412.900899,390.342755,396.74622,403.217372,411.347417
Americas,1197.779809,1258.347781,1331.322122,1324.218974,1314.985834,1404.259563,1460.474946,1450.446424,1536.721625,1556.730308,1640.086012,1579.711771,1669.456171,1770.564718,1822.603665,1781.26797,1865.832589,1957.520017,1978.8568,2005.605585,1997.608103,2003.293121,2050.823494,2063.023654,2123.210229,2207.847389,2309.756481,2295.349608,2280.09001,2404.117975,2402.906274,2320.940457,2370.978629,2390.575047,2418.396233,2391.37655,2425.779483,2372.441268,2084.127337,2226.857238,2122.761697,1890.081492,1959.153423,1950.899083,1720.997249,1599.433659,1569.15768,1500.416499
Asia,..,..,..,..,..,..,..,..,..,..,..,..,..,..,..,..,..,..,..,3050.502659,3187.477513,3254.243009,3416.285901,3547.631623,3832.954387,3844.833029,3904.569409,3970.956588,3893.190709,4171.265581,4365.419651,4639.386189,5216.676272,5873.758119,6592.471618,7188.528186,7817.653403,8095.452854,8617.533525,9282.631118,10116.79013,10419.5817,10719.12844,10814.58909,10699.24733,10640.63793,10885.09481,11221.61726
Europe,..,..,..,..,..,..,..,..,..,..,..,..,..,..,..,..,..,..,..,2858.428322,2682.408399,2492.61918,2297.126861,2163.954969,2148.196613,2110.475967,1968.059278,1907.356879,1844.436643,1902.686009,1904.950273,1893.356379,1967.281161,1918.997766,1870.501529,1940.530879,1946.719896,1848.41381,1631.550342,1722.571676,1778.752704,1822.815917,1766.503171,1635.828523,1615.901335,1519.53174,1464.888147,1455.068301
Oceania,80.196587,83.772929,86.34311,91.786577,97.40146,97.539906,105.302116,97.35791,101.135725,110.901037,111.914503,116.784222,110.195024,112.913602,123.827784,121.657655,130.315064,136.342209,145.142979,144.658318,149.256731,152.688564,153.559699,155.730785,160.118888,167.09148,173.846323,192.54699,194.34343,195.221807,201.453887,203.105553,204.060127,212.753758,217.652517,221.045112,220.38182,219.909721,223.190124,209.004909,200.285333,196.802336,183.530757,174.42317,180.512886,186.326774,183.906066,177.482247
