Region,1971,1972,1973,1974,1975,1976,1977,1978,1979,1980,1981,1982,1983,1984,1985,1986,1987,1988,1989,1990,1991,1992,1993,1994,1995,1996,1997,1998,1999,2000,2001,2002,2003,2004,2005,2006,2007,2008,2009,2010,2011,2012,2013,2014,2015,2016,2017,2018,2019
Canada,340.230956,357.909211,375.653582,385.344416,377.105855,389.220686,401.597004,403.135725,417.3144,422.262325,402.774749,385.66748,379.044855,394.376071,393.880167,385.751236,396.623973,426.681216,442.250267,409.258109,403.722436,416.541867,413.572135,428.838455,438.54678,452.765162,467.458362,474.199734,483.715246,503.455816,496.16027,514.445172,534.262322,526.180994,538.929319,529.557373,560.11998,539.879115,512.504812,526.203959,538.65433,537.235919,546.979444,552.221057,549.287447,541.937771,553.074022,565.231595,571.8213058
Chile,21.036435,20.642586,20.006579,19.709771,17.111657,17.892473,18.680602,19.391089,20.630206,21.405335,21.301263,18.387386,19.013298,20.216264,19.631224,20.226546,20.510085,24.80915,30.009387,29.435279,28.26857,29.209383,30.973457,34.00085,37.075351,42.914604,49.430175,50.089611,52.634704,48.623714,46.674236,47.4271,48.616652,53.349052,54.434634,55.677498,63.075016,66.533464,64.212781,68.604765,75.31667,77.235782,81.86194,75.468877,81.092176,85.24552,86.142982,85.71607,94.2055846
Mexico,93.748092,106.449776,117.63082,128.283263,134.558202,145.195089,154.303385,170.194443,183.823468,204.603854,219.538366,230.363813,223.835739,231.835747,241.153838,239.877146,249.470629,248.323834,262.053596,256.956533,275.145773,278.010852,285.59614,309.344834,291.33644,304.782774,323.022109,345.372244,335.899921,359.735527,360.600422,368.116069,386.601977,396.045849,412.385135,426.860195,433.36909,434.539402,425.193594,440.460336,456.460321,459.456276,449.626506,434.204441,442.41719,446.175879,445.991937,448.452404,455.0492467
United States,4289.035482,4527.984118,4691.090844,4539.98189,4355.839181,4616.828588,4781.620648,4771.142682,4800.31029,4595.789109,4533.920776,4321.08252,4294.487954,4485.577869,4514.313221,4478.048562,4633.016119,4842.013205,4904.547626,4803.082718,4765.774187,4837.748576,4952.760239,5024.11963,5073.896072,5230.535479,5495.04443,5545.442058,5563.874592,5729.87461,5702.169429,5545.478336,5610.749689,5688.77761,5703.220175,5602.449666,5686.716019,5512.512876,5120.690227,5352.120423,5128.17802,4903.010212,5038.523665,5046.56463,4928.610664,4838.476243,4761.301727,4921.125821,4766.383081
OECD Americas,4744.050965,5012.985691,5204.381825,5073.31934,4884.614895,5169.136836,5356.201639,5363.863939,5422.078364,5244.060623,5177.535154,4955.501199,4916.381846,5132.005951,5168.97845,5123.90349,5299.620806,5541.827405,5638.860876,5498.732639,5472.910966,5561.510678,5682.901971,5796.303769,5840.854643,6030.998019,6334.955076,6415.103647,6436.124463,6641.689667,6605.604357,6475.466677,6580.23064,6664.353505,6708.969263,6614.544732,6743.280105,6553.464857,6122.601414,6387.389483,6198.609341,5976.938189,6116.991555,6108.459005,6001.407477,5911.835413,5846.510668,6020.52589,5887.459218
Australia,143.364803,148.422047,157.734249,172.549574,179.467397,181.886685,195.919366,191.090637,197.378887,206.729609,207.361561,213.666649,201.759512,208.045087,220.128059,221.505411,231.814091,240.802247,254.272935,259.697211,261.037229,265.056312,268.97012,274.914397,285.324094,295.801549,303.09665,323.746128,328.805245,334.645123,340.982482,348.962582,347.969551,361.328033,365.515118,370.839121,381.067827,384.311003,390.741845,383.36385,381.778016,381.761574,375.433077,366.194357,372.446029,380.576451,383.785318,382.878608,388.7027299
Israel,13.759922,14.43047,15.653201,15.823381,16.410171,16.484552,17.385602,18.580527,19.00854,18.852429,19.640945,20.935974,21.780084,22.670877,24.310593,26.721819,28.996164,30.701533,31.953821,32.818141,33.32865,35.554276,39.046473,41.854081,44.873881,47.059855,49.247057,49.31432,50.709178,54.843946,56.131278,59.258252,61.001669,61.175031,58.796711,62.007447,64.268459,64.478539,63.854184,68.437949,67.512452,73.751873,64.772718,62.366122,63.849263,62.937451,63.68803,59.611694,63.4795176
Japan,750.99848,788.841544,897.85521,886.076965,849.909997,876.460172,901.125478,895.71128,917.872352,870.613152,846.591661,820.252682,826.177183,886.75693,866.233818,866.288567,871.445914,936.976607,964.695243,1053.86164,1065.312061,1075.800272,1068.44283,1120.639573,1130.646765,1143.670145,1134.062849,1095.8931,1130.882841,1147.859499,1136.25086,1174.549161,1183.837659,1179.806144,1181.536269,1158.267842,1195.700465,1131.06723,1075.898167,1131.757208,1187.184974,1226.60216,1234.092198,1193.26179,1155.555477,1145.4173,1125.49901,1080.715809,1066.152654
Korea,52.942062,54.852829,68.234471,71.623931,77.728222,86.410592,98.633923,107.422637,121.255918,125.599661,131.379039,131.221844,139.158984,151.43805,155.7296,162.089281,168.385191,191.985975,203.227412,231.805813,255.832695,275.919887,302.904409,327.43709,357.306006,381.680344,402.317576,343.687195,378.15852,431.897005,445.862586,435.894683,437.778851,459.789616,457.672117,464.712085,477.413786,488.844473,502.089454,550.915653,573.760776,575.466327,574.551419,562.67858,582.047107,589.212169,600.034367,605.775077,586.1598516
New Zealand,13.501739,15.470591,16.696632,17.390727,16.429691,18.177912,18.71835,18.215969,16.358744,16.475724,16.255966,17.944028,18.063991,18.438749,18.905085,17.883741,19.129328,20.40965,20.531427,21.749328,22.065985,23.805348,23.419318,23.723738,23.78705,24.879322,27.123549,26.682395,28.071275,28.917188,31.076082,30.97515,32.85781,32.339111,33.645699,33.720659,32.541337,33.397965,30.403185,30.247906,29.491904,31.222723,31.052461,31.061699,31.245359,30.421625,32.226843,31.510763,32.0498951
OECD Asia Oceania,974.567006,1022.017481,1156.173763,1163.464578,1139.945478,1179.419913,1231.782719,1231.02105,1271.874441,1238.270575,1221.229172,1204.021177,1206.939754,1287.349693,1285.307155,1294.488819,1319.770688,1420.876012,1474.680838,1599.932133,1637.57662,1676.136095,1702.78315,1788.568879,1841.937796,1893.091215,1915.847681,1839.323138,1916.627059,1998.162761,2010.303288,2049.639828,2063.44554,2094.437935,2097.165914,2089.547154,2150.991874,2102.09921,2062.986835,2164.722566,2239.728122,2288.804657,2279.901873,2215.562548,2205.143235,2208.564996,2205.233568,2160.491951,2136.544649
Austria,48.607013,50.407481,53.809202,51.134609,49.488796,53.948382,51.327818,53.665985,55.916144,54.355279,51.554551,49.777713,49.400116,50.970218,52.649019,51.640992,52.387548,50.340348,50.396354,56.239523,60.41507,55.559835,55.768797,56.183019,59.549049,63.265768,62.456823,63.070928,61.44494,61.820269,66.191275,67.631905,72.707588,74.005823,74.439147,72.145288,69.111525,68.596658,62.621017,68.336998,66.605479,63.438355,64.095876,60.353212,61.452106,61.66542,64.118116,61.468298,62.7509774
Belgium,117.980409,127.971686,133.081563,130.928862,115.556917,124.648283,123.416566,128.767615,132.333205,125.549715,115.083487,108.702242,99.939941,101.884815,100.991897,101.276348,101.340339,103.036148,104.379202,106.488647,111.080073,109.240269,107.026349,111.722421,111.313683,116.439404,113.472717,116.237806,112.401484,114.004607,115.382773,107.857199,112.569091,111.185727,107.676772,105.533637,101.500283,103.901054,96.871149,103.890892,92.80816,92.315416,94.068984,87.516749,92.847538,91.886517,90.4776,91.175713,90.6038974
Czech Republic,153.472803,152.415259,149.353694,148.492885,154.982193,159.828856,169.335137,165.308103,174.865251,167.969147,168.595288,171.257307,172.464159,175.139297,175.254229,175.249367,176.287479,172.840757,165.297689,150.20313,136.901718,131.672672,128.787162,122.499166,123.17479,124.62453,122.708428,116.852822,109.982816,121.230494,121.092364,117.124548,121.280735,121.810545,118.369879,118.850264,121.58171,116.309075,109.59992,112.460232,109.318664,105.653832,101.384367,98.267535,99.42453,101.159746,101.690554,100.749119,95.6854997
Denmark,55.421772,57.404664,56.252823,50.01681,52.645648,58.309554,59.935162,59.55137,63.078842,63.060801,52.871383,55.048467,51.689977,53.285354,61.031807,61.596683,59.815039,55.990847,50.176541,50.983247,61.203694,55.32047,57.702239,61.616444,58.385219,71.637803,61.886608,57.966888,54.780958,50.833866,52.412499,52.122679,57.522118,51.880485,48.524936,56.431166,51.663967,48.693869,46.959299,47.288433,42.066014,37.171576,38.896978,34.709752,32.507165,34.100207,31.960309,32.022456,28.7309945
Estonia,..,..,..,..,..,..,..,..,..,..,..,..,..,..,..,..,..,..,..,35.014553,31.361006,23.459792,18.094223,17.547848,15.887426,16.846492,16.430864,15.856769,14.839012,14.449567,14.912659,14.507424,16.495636,16.551014,16.751663,15.475165,19.257702,17.690275,14.700665,18.570033,17.636968,16.372417,18.788978,17.399668,15.162391,15.462677,15.971263,15.696684,11.6106494
Finland,39.854757,43.610247,47.924706,44.208844,44.188917,50.402788,50.02907,54.638502,54.120236,54.865628,45.547032,44.086131,42.605679,43.959901,48.284914,48.450357,52.188243,51.473099,51.503329,53.83361,54.563823,51.806988,53.100465,59.564032,55.714578,62.192974,60.173993,56.817756,56.031327,54.592688,60.584543,62.954778,71.241465,67.154133,54.918043,66.45099,64.497212,56.040308,53.795592,62.000673,54.562684,48.907929,49.706581,45.690084,42.354365,45.152969,42.401662,43.753389,41.5099755
France,423.373262,438.776231,474.377986,456.558521,423.108047,463.082467,448.854244,467.903295,474.560633,455.214051,407.159088,389.602131,373.927891,361.496257,351.797985,341.624471,335.131586,333.55392,349.263213,345.59939,370.301331,359.31274,340.932562,335.700427,343.648115,359.52364,351.029466,372.496344,366.61764,364.674799,368.205343,362.524159,368.282713,368.883466,371.708144,362.43398,353.57422,349.331244,336.203512,340.052059,325.46767,328.82567,329.326297,297.550653,303.916894,306.067258,309.87204,303.478088,293.2319904
Germany,978.142404,1001.573959,1052.182398,1025.899087,973.365909,1029.249705,1013.471761,1051.706583,1099.049164,1048.150693,1015.86694,974.527147,976.079878,995.679968,1004.256098,1006.959344,997.133446,989.620447,965.797773,940.007684,917.644162,877.601541,871.821904,859.106392,856.596915,887.062102,854.919715,846.943854,814.959373,812.311609,831.479218,817.9019,820.688397,804.624916,786.931288,798.68176,767.019443,773.893025,720.182549,758.848288,731.241683,745.141688,763.651811,723.111731,729.684402,734.487052,718.794085,696.131381,659.0989218
Greece,25.064815,28.936554,33.724807,32.259338,34.099717,38.825879,40.195782,42.652071,44.8846,45.176142,44.651873,45.941543,49.128441,50.82252,54.479901,54.349543,59.811273,63.806074,68.754275,69.857367,70.101974,72.315889,72.215903,73.81484,76.478485,76.379728,77.353692,80.744241,81.029466,87.923582,90.041816,90.283202,93.848627,93.480598,95.156324,94.103838,97.902891,94.35162,90.15818,83.36947,82.117228,76.986345,68.845177,65.726678,64.543218,63.076623,63.110531,61.602208,56.8298172
Hungary,60.253993,62.096771,66.405318,68.758533,70.172709,73.341083,76.925831,84.813745,83.386443,82.613644,81.711327,82.055388,78.436297,80.477088,79.755472,78.257251,79.11138,74.451866,72.969751,65.669979,63.450196,57.143078,57.360438,56.603263,56.245319,57.343904,55.81608,56.131297,56.686536,53.280264,54.923444,54.17392,56.774935,55.060802,54.722182,54.161519,52.522404,51.753214,46.866409,47.145132,46.343688,42.748798,40.246668,40.059462,42.708351,43.777954,45.762629,45.601765,45.707822
Iceland,1.404192,1.498085,1.666275,1.661571,1.614157,1.59045,1.634358,1.75792,1.826956,1.746981,1.73625,1.563521,1.595157,1.694824,1.627919,1.701378,1.743663,1.827492,1.82425,1.895898,1.865972,1.899651,1.944589,2.054057,1.964286,2.2259,2.108493,2.100158,2.054977,2.161026,2.10556,2.205535,2.194304,2.269524,2.23538,2.272645,2.319835,2.121787,2.07988,1.949182,1.868728,1.859894,2.031822,2.047533,2.057458,2.064863,2.171843,2.196439,1.8948153
Ireland,21.642664,21.399217,20.829591,22.601027,21.14887,21.876159,23.487669,23.205516,27.053334,25.895837,25.700614,25.275324,25.123352,24.904511,26.453225,27.464475,29.104186,28.103304,29.240265,30.111854,30.730081,30.835749,30.994577,32.050536,32.636823,33.99215,35.000215,37.607302,39.114385,40.914679,43.062092,42.181915,42.091792,42.568425,44.426067,45.460283,44.646054,44.244091,39.689701,39.525628,35.392401,35.922024,34.607634,34.088184,35.339777,36.91126,35.692587,35.273544,33.3885397
Italy,289.40186,306.537251,328.081933,331.43441,317.060307,341.984762,332.594158,338.274617,353.929429,355.353186,345.953201,341.146179,336.38258,341.984101,342.046885,343.29086,362.713597,366.820724,384.750302,389.411983,388.384128,385.844311,382.857911,378.495511,401.104969,398.163469,401.287301,411.832176,417.730612,420.436632,420.18139,427.183051,445.257756,454.994798,456.431826,449.184459,441.461104,428.854473,383.717096,391.99233,384.107414,366.677218,337.575729,319.155267,329.662166,325.657076,321.481224,317.141123,302.7753574
Latvia,..,..,..,..,..,..,..,..,..,..,..,..,..,..,..,..,..,..,..,18.777406,17.201457,13.832925,11.741535,10.14694,8.90254,8.903572,8.420937,8.027839,7.410166,6.841156,7.247275,7.234721,7.464371,7.479639,7.58061,8.030694,8.36029,7.938214,7.185957,8.087541,7.340252,6.99556,6.911939,6.723727,6.845608,6.799011,6.679644,7.1893,6.7661271
Lithuania,..,..,..,..,..,..,..,..,..,..,..,..,..,..,..,..,..,..,..,32.215171,34.286939,19.227404,15.372335,14.43084,13.434207,13.914716,13.557513,14.294702,11.899931,10.221743,10.870211,10.931246,10.938091,11.56326,12.443951,12.502004,12.684005,12.610744,11.40734,12.314715,11.525294,11.531329,10.868843,10.462848,10.550273,10.750005,10.771645,11.134892,11.1356688
Luxembourg,16.472252,16.117636,17.447977,16.012065,12.739168,13.641986,12.956887,14.160969,13.262431,12.450372,10.536409,9.8801,9.23984,10.109488,10.335311,10.018153,9.425361,9.872817,10.640486,10.745619,11.238352,10.915149,11.213037,10.3234,8.225746,8.308623,7.800141,7.121573,7.454772,8.065071,8.689852,9.374964,9.852439,11.232303,11.493299,11.30179,10.704137,10.640149,10.08492,10.664187,10.514577,10.311125,9.781443,9.288168,8.804662,8.501982,8.627174,8.948689,9.2022592
Netherlands,127.679118,142.500883,148.450095,140.148814,131.96201,140.723494,138.521472,143.012102,153.154959,145.417303,143.265879,134.919353,130.472621,135.309153,138.396723,141.461874,145.369314,143.337963,146.408543,147.774816,153.812146,152.595442,157.538409,156.688132,163.58274,173.220894,165.882191,166.264879,160.906912,161.617322,166.590316,166.903642,169.919079,171.658709,167.48966,163.262344,164.115298,164.822973,160.072111,170.762343,158.412075,157.155685,156.790967,149.502726,157.858417,158.034178,155.611718,150.868938,142.803703
Norway,23.001052,23.558764,23.368386,22.698546,23.603322,25.342984,26.583372,27.084161,28.798385,27.235484,25.468887,24.325871,24.409682,25.060867,26.41565,29.715102,27.581476,27.732835,27.092949,27.467411,25.954421,28.86254,30.53143,32.115959,31.408419,32.365369,34.117481,35.756729,37.220763,31.879214,32.889232,32.503989,35.070291,35.59359,34.500489,35.46211,36.037798,35.305649,35.683365,40.009478,38.207537,37.123595,36.936774,37.004386,37.242034,36.54085,35.590325,36.039988,26.0412108
Poland,287.362329,299.576749,312.790456,325.211998,338.900005,362.484716,375.04704,400.148279,406.116245,416.002259,385.785133,391.823647,394.117859,409.705611,422.392233,428.165065,443.657954,432.783268,413.572442,344.761599,346.210886,337.830357,338.869406,333.109212,333.337838,349.101188,337.887996,312.080092,302.800082,289.591377,288.640036,282.610945,293.129945,296.744997,296.261105,308.078167,306.294687,301.597403,291.471973,307.493273,303.187965,296.94125,292.406679,279.258971,282.70842,293.21141,305.824953,305.747659,292.8532959
Portugal,14.39064,14.549996,16.191536,16.487656,18.03111,19.347863,18.751929,19.756023,21.888958,23.753098,24.876933,25.369701,26.080652,25.040854,23.924909,27.251645,27.757947,28.861277,37.138387,37.892592,39.49669,43.638028,42.597798,44.01086,47.23115,45.354497,47.370573,52.063633,58.380644,57.852184,57.756555,61.694897,56.907576,58.12475,61.385798,56.444866,54.63161,52.832438,53.076554,47.561335,47.054931,45.670308,43.741204,42.835055,46.930899,46.46041,50.800016,47.245308,43.8334113
Slovak Republic,38.86586,39.294049,40.971941,41.841452,43.153699,43.689704,45.418863,50.650177,51.543254,55.77679,54.433055,52.820219,52.701815,54.566712,54.413304,51.687045,53.500042,54.299712,53.652459,54.811844,47.938153,44.789172,43.290931,40.586974,41.215629,41.07411,41.05845,39.581515,38.833148,36.882231,37.368026,36.900369,37.409645,36.213452,37.262253,36.484264,35.705258,35.423774,32.608964,34.572279,32.854943,31.251081,31.7854,29.171089,29.444719,30.159706,32.212012,31.630618,28.8556066
Slovenia,..,..,..,..,..,..,..,..,..,..,..,..,..,..,..,14.666341,14.104534,13.912162,13.886753,13.528758,12.737375,12.440548,13.2675,13.223313,14.063911,14.853948,15.284084,15.042995,14.445537,14.050959,14.875062,15.081149,14.96615,15.234875,15.443058,15.799301,15.75268,16.7983,15.109682,15.446955,15.427293,14.8584,14.211939,12.756345,12.805132,13.585628,13.731418,13.64007,13.0718264
Spain,119.087492,125.005222,139.380677,150.904352,155.843041,172.513826,165.222225,164.244725,174.772942,186.254122,190.241666,184.473437,187.942251,178.735175,173.024021,177.339513,178.122654,181.317427,198.712406,202.627254,210.399736,221.929588,208.165769,216.952715,228.207254,217.984598,235.853132,242.405531,263.870515,278.58432,279.776769,297.223349,302.617664,319.270327,333.709777,325.036263,337.863101,309.774101,276.085744,262.05419,264.873766,260.511562,235.161326,232.063766,247.06714,237.6125,253.987917,248.890885,229.8602673
Sweden,82.047455,82.173712,83.562243,76.514404,79.041446,85.860411,82.90431,77.583881,80.106144,73.120121,66.199147,60.477769,54.964725,54.040213,58.385814,59.86253,58.027618,55.592392,52.787524,52.077321,53.099292,55.656924,55.412879,57.379813,56.934868,62.422399,56.276569,57.230416,56.125853,51.989465,51.165348,52.743719,53.996718,52.309331,48.891155,47.454322,45.797316,44.753192,41.616152,46.806949,43.229578,40.671113,39.145274,37.695891,37.665262,37.238183,36.845604,34.514885,32.4511897
Switzerland,38.918813,39.387906,42.985846,38.506848,36.753441,38.581554,38.995933,40.108769,38.6529,39.262145,36.929691,34.94201,39.073131,38.547587,41.77273,41.673944,40.019383,39.87331,39.475012,40.745537,43.418813,43.594563,41.539021,40.482996,41.450386,42.214998,41.141318,42.64029,42.922109,41.983768,43.396658,41.882314,43.185481,43.53191,44.003701,43.626267,41.65623,43.104464,41.820623,43.252821,39.267287,40.660125,41.64817,37.844565,37.315489,37.837575,36.862212,35.714759,36.323362
Turkey,41.736699,49.055633,52.754934,55.306318,59.631229,66.674617,72.221079,73.033463,67.555819,71.522558,71.126823,77.569191,83.281541,87.715162,95.358471,103.308135,113.729963,108.735235,120.704121,128.757861,131.776117,136.527179,142.529535,140.333088,154.020479,170.677706,178.328421,178.397553,178.061404,201.216509,182.681138,192.59759,203.138607,207.391162,215.883046,240.243619,266.187786,262.354961,261.267158,267.833992,287.191198,298.42777,285.178612,307.171546,318.973757,338.874454,378.63109,374.128805,371.4096648
United Kingdom,621.136913,602.249049,634.238978,595.189739,576.041678,582.095187,592.90971,591.088378,623.134969,570.574002,554.44485,541.404192,533.135429,516.151536,543.545262,558.074689,562.619047,561.12725,547.411859,549.390011,560.129215,547.520737,530.617893,523.225784,513.796422,533.808846,511.895623,514.529284,511.948885,520.562588,535.303236,521.177335,533.471636,533.390964,531.648669,532.89988,521.733018,507.897104,460.083887,476.626011,439.178828,461.442481,447.002723,408.662693,394.021547,372.352897,359.943776,352.362605,339.2211476
OECD Europe,3625.318567,3726.097004,3929.833365,3842.776689,3733.132336,3968.04471,3960.740376,4073.116249,4223.991243,4101.319358,3919.739507,3826.988583,3792.193014,3817.281212,3886.593779,3920.418764,3966.578538,3935.398512,3941.949132,3956.890065,3985.70282,3881.373541,3821.294597,3799.967982,3848.511246,3983.903328,3909.518824,3920.095372,3879.954247,3909.971989,3957.82469,3947.512444,4053.02285,4064.209525,4050.288222,4077.810885,4044.581564,3961.634159,3701.019399,3818.915419,3687.802305,3675.572546,3594.798195,3426.118284,3479.89372,3489.428411,3529.623947,3464.347608,3307.647998
Albania,3.86277,4.446404,3.923777,4.11133,4.338334,4.677358,4.958544,5.619529,6.694873,6.811556,5.843743,6.10404,6.659463,7.213175,6.929926,6.951616,7.232079,7.160662,6.839342,5.67294,3.811206,2.137383,1.976262,2.033466,1.848549,1.863265,1.427657,1.759716,2.921647,3.083446,3.224186,3.750324,3.822396,4.00711,3.825184,3.792392,3.775922,3.708694,3.76623,3.930295,4.141866,3.484832,3.646202,4.123018,3.824801,3.674183,4.342011,4.303084,..
Armenia,..,..,..,..,..,..,..,..,..,..,..,..,..,..,..,..,..,..,..,19.845219,20.68956,10.656529,4.918989,2.675926,3.368027,2.403509,3.15662,3.283226,2.931684,3.422249,3.458504,2.907291,3.275246,3.465509,4.129845,4.151024,4.797638,5.27332,4.269475,4.048253,4.672815,5.438573,5.242694,5.23536,5.101485,4.911897,5.165501,5.394895,..
Azerbaijan,..,..,..,..,..,..,..,..,..,..,..,..,..,..,..,..,..,..,..,53.483702,52.059429,42.438849,37.359606,33.277753,32.37242,27.072982,26.273674,26.255564,25.764911,27.305747,25.834096,25.514806,27.832395,27.404575,29.018489,29.39629,26.695627,28.81145,24.521671,23.532476,26.449925,28.894746,29.462078,30.793666,30.806159,31.409359,30.805851,30.946865,..
Belarus,..,..,..,..,..,..,..,..,..,..,..,..,..,..,..,..,..,..,..,99.853942,96.24192,86.861446,75.376819,64.029732,56.957863,57.830418,58.209163,56.302595,54.086516,52.118664,50.910249,50.783747,51.374764,54.465767,55.014095,57.239347,55.727318,58.444199,55.31833,59.498219,56.38236,57.595686,57.549168,56.801809,52.618265,53.005054,54.019949,57.089856,..
Bosnia and Herzegovina,..,..,..,..,..,..,..,..,..,..,..,..,..,..,..,..,..,..,..,23.96557,21.440971,15.905387,13.343319,3.064876,3.279823,4.129145,8.415171,10.645188,10.401709,13.718183,13.500826,14.21871,14.546432,15.186631,15.857733,17.462209,18.415091,20.240004,20.204495,20.482682,23.400889,21.645003,21.510392,19.172421,19.306465,22.019403,22.327978,22.219505,..
Bulgaria,63.830958,65.873207,67.731105,68.77888,73.315187,73.199135,75.957976,79.019714,82.248604,85.032429,81.057132,82.702959,81.280696,79.378318,82.206429,83.16401,84.220593,83.155829,82.559497,71.463722,57.371692,54.057769,54.540543,52.108309,52.737289,53.136273,51.82572,49.489089,43.210523,42.138072,44.972856,42.436775,46.646286,45.758507,46.288947,47.446186,50.680922,48.163785,41.989054,44.044939,48.882236,44.140187,38.924379,41.31961,43.58102,40.54088,42.803157,39.892842,..
Croatia,..,..,..,..,..,..,..,..,..,..,..,..,..,..,..,..,..,..,..,20.328917,14.62919,14.124214,14.803147,13.987237,14.774177,14.650527,16.24561,17.609329,17.371297,16.782763,17.753863,18.853992,20.181196,19.58836,19.917214,19.977214,21.222283,20.164387,19.064566,18.248777,17.950446,16.419845,15.901102,15.117108,15.512642,15.858564,16.193172,15.294397,..
Cyprus,1.744456,2.170397,2.275467,1.735447,1.658258,1.93937,2.115335,2.233691,2.428702,2.574554,2.528048,2.571672,2.62128,2.739296,2.765082,3.033896,3.595126,3.650016,3.814409,3.89137,4.444337,4.748779,4.941288,5.145025,5.048341,5.348298,5.471654,5.814504,6.072801,6.305013,6.188862,6.343101,7.017641,6.907324,7.047944,7.113808,7.4253,7.579383,7.502392,7.260554,7.000736,6.515882,5.630061,5.776906,5.900866,6.2692,6.37667,6.309698,..
Georgia,..,..,..,..,..,..,..,..,..,..,..,..,..,..,..,..,..,..,..,33.488258,25.505906,19.869603,15.971906,10.403349,8.136847,6.328856,5.482123,4.909639,4.384622,4.632649,3.381844,2.819756,3.01999,3.204913,4.065656,4.525622,5.453393,4.666914,5.292218,4.995027,5.953731,6.609908,7.218385,7.848712,8.529812,8.957157,8.939837,8.770364,..
Gibraltar,0.068532,0.05923,0.059001,0.059048,0.062036,0.062083,0.058987,0.05583,0.077759,0.093542,0.087168,0.096578,0.087108,0.08389,0.090096,0.115457,0.127532,0.142825,0.136391,0.142765,0.202559,0.239888,0.242984,0.287117,0.280803,0.287056,0.296418,0.312033,0.324492,0.340046,0.349409,0.355662,0.361914,0.393159,0.405663,0.424375,0.421157,0.430445,0.471038,0.474195,0.45858,0.467989,0.499159,0.536595,0.586523,0.611636,0.626536,0.69444,..
Kazakhstan,..,..,..,..,..,..,..,..,..,..,..,..,..,..,..,..,..,..,..,237.250885,246.365956,252.398442,216.238023,194.435994,170.519468,148.261303,125.620091,128.265938,115.894314,112.014087,109.245504,119.577281,134.803148,146.417341,156.902433,172.937357,187.204832,230.259087,202.716188,221.101402,234.81722,233.846139,249.15968,197.876844,199.093105,216.216668,218.759874,214.011727,..
Kosovo,..,..,..,..,..,..,..,..,..,..,..,..,..,..,..,..,..,..,..,..,..,..,..,..,..,..,..,..,..,5.104602,6.47382,6.435991,6.773643,6.842717,6.639156,6.701349,7.030455,7.570421,8.397258,8.695947,8.605458,8.117446,8.296504,7.392382,8.605689,9.081173,8.16855,8.278001,..
Kyrgyzstan,..,..,..,..,..,..,..,..,..,..,..,..,..,..,..,..,..,..,..,22.762333,20.42288,13.296698,9.794203,6.364922,4.45854,5.527695,5.398613,5.719911,4.619704,4.450168,3.761835,4.737819,5.260549,5.187071,4.8919,4.877132,5.963378,7.006248,6.521635,6.040358,7.21138,9.563712,8.720018,9.032259,9.683685,9.192628,8.841761,10.494429,..
Malta,0.655077,0.828296,0.794404,0.725875,0.651329,0.740289,0.781007,0.91718,0.892115,0.992263,1.125603,1.292897,0.970494,1.327076,1.15807,1.874862,1.964633,2.138238,2.318848,2.314617,2.210602,2.169051,2.806275,2.506954,2.378847,2.324338,2.469612,2.374492,2.409246,2.12916,2.489089,2.318417,2.60802,2.598015,2.621893,2.646157,2.711098,2.718652,2.504597,2.580576,2.567454,2.709905,2.365959,2.347587,1.65214,1.347847,1.516529,1.547485,..
Republic of Moldova,..,..,..,..,..,..,..,..,..,..,..,..,..,..,..,..,..,..,..,30.532115,24.599519,19.847857,17.008407,13.809785,11.892994,10.20956,9.310281,8.433962,7.141631,6.536841,6.843851,6.963168,7.519818,7.493321,7.810491,7.517954,7.436466,7.360146,7.298791,7.946552,7.918591,7.698491,6.705483,7.249277,7.57852,7.710688,7.527683,7.961947,..
Montenegro,..,..,..,..,..,..,..,..,..,..,..,..,..,..,..,..,..,..,..,..,..,..,..,..,..,..,..,..,..,..,..,..,..,..,2.004798,2.179294,2.098407,2.693314,1.747481,2.584208,2.535667,2.331593,2.267307,2.218423,2.358285,2.112994,2.225062,2.517172,..
Republic of North Macedonia,..,..,..,..,..,..,..,..,..,..,..,..,..,..,..,..,..,..,..,8.591283,8.383742,8.332391,8.639659,8.350826,8.305696,9.862495,8.786101,9.651408,8.879545,8.522107,8.670612,8.128537,8.829072,8.542584,8.917292,8.912976,9.339666,9.12527,8.502029,8.319696,9.148742,8.792818,7.8537,7.436958,7.133668,6.947428,7.41955,6.932149,..
Romania,114.671667,118.342977,129.115526,129.79499,140.600336,153.509375,160.745392,174.373152,178.746919,177.369151,178.701875,176.472288,178.706238,174.90482,174.876064,180.005639,188.877836,193.787767,189.850617,168.188564,139.173936,123.087012,114.805639,112.321691,117.587815,120.752931,110.418687,96.476601,82.855418,86.222025,91.340662,90.949271,96.97367,93.74113,92.632653,95.285763,92.38187,91.070886,77.431117,74.725473,80.859371,78.578501,69.312297,68.466683,69.55857,67.962637,70.78876,71.57133,..
Russian Federation,..,..,..,..,..,..,..,..,..,..,..,..,..,..,..,..,..,..,..,2163.53307,2136.444268,1959.348086,1799.795292,1596.3903,1548.252185,1521.658005,1414.791763,1406.588154,1442.981854,1474.394287,1474.669977,1465.851034,1493.895749,1488.20149,1481.897136,1537.702664,1533.725251,1553.838333,1440.681104,1529.228168,1604.742898,1607.949744,1568.533162,1551.605133,1534.458233,1510.557598,1536.770876,1587.024454,..
Serbia,..,..,..,..,..,..,..,..,..,..,..,..,..,..,..,..,..,..,..,61.906503,52.202448,47.991939,42.718086,38.904648,44.548887,51.652141,56.314932,56.209743,40.010128,42.93935,45.002762,48.581164,52.145004,56.345334,50.320015,52.464943,51.238268,49.905475,45.955643,45.61019,49.775918,44.570331,45.373816,38.053559,44.472327,45.495676,46.148113,44.793084,..
Tajikistan,..,..,..,..,..,..,..,..,..,..,..,..,..,..,..,..,..,..,..,11.018172,10.171663,7.489935,5.020133,2.937321,2.459615,2.21569,2.495772,2.756881,2.529902,2.176522,2.115829,2.084936,2.093826,2.502434,2.347227,2.54852,3.114771,2.948035,2.309775,2.302905,2.41822,2.892174,3.007117,4.021592,4.211795,5.428489,5.843657,6.79662,..
Turkmenistan,..,..,..,..,..,..,..,..,..,..,..,..,..,..,..,..,..,..,..,44.646104,37.78844,27.652091,26.186735,32.583931,33.255953,29.507358,29.760447,30.413274,35.5873,36.666283,37.905737,39.733679,44.234482,46.599487,48.103296,49.211939,55.833112,56.460956,49.95901,56.919769,61.794766,64.093541,65.505009,67.015966,69.104583,68.971578,68.998174,69.133119,..
Ukraine,..,..,..,..,..,..,..,..,..,..,..,..,..,..,..,..,..,..,..,688.618929,651.932022,565.963643,492.916915,410.678869,395.842067,343.950268,325.829783,306.499999,303.190138,295.115804,298.077866,301.123763,326.616534,302.871618,290.620184,298.505426,305.977479,295.034556,249.69807,266.580685,279.61803,274.008242,265.202784,234.313971,187.591864,197.626378,171.300035,181.826636,..
Uzbekistan,..,..,..,..,..,..,..,..,..,..,..,..,..,..,..,..,..,..,..,117.767744,118.584801,110.577716,111.368181,105.072313,94.580863,95.66238,96.949848,112.134422,113.443727,120.208405,121.053908,123.693282,116.521457,119.29537,112.541905,119.585212,115.796176,121.371779,111.449993,119.631018,122.246376,108.50254,110.263816,102.392199,97.025736,102.855272,107.070685,107.957154,..
Former Soviet Union (if no detail),1941.654253,2054.781986,2189.515257,2311.790773,2480.695966,2572.023097,2632.012017,2757.012492,2833.247379,2935.714764,2924.762443,2958.621992,2987.590448,3033.031409,3078.340435,3156.682712,3259.74771,3299.362033,3313.44637,..,..,..,..,..,..,..,..,..,..,..,..,..,..,..,..,..,..,..,..,..,..,..,..,..,..,..,..,..,..
Former Yugoslavia (if no detail),61.808195,60.986349,66.319758,71.51029,73.469765,74.802444,78.493258,84.637934,87.524415,84.159394,96.283605,102.321343,110.639493,113.872722,119.572096,125.747084,118.421018,124.2472,125.097613,..,..,..,..,..,..,..,..,..,..,..,..,..,..,..,..,..,..,..,..,..,..,..,..,..,..,..,..,..,..
Non-OECD Europe and Eurasia,2188.295908,2307.488846,2459.734295,2588.506633,2774.791211,2880.953151,2955.122516,3103.869522,3191.860766,3292.747653,3290.389617,3330.183769,3368.55522,3412.550706,3465.938198,3557.575276,3664.186527,3713.64457,3724.063087,3889.266724,3744.677047,3389.194708,3070.772411,2711.370344,2612.887069,2514.634493,2364.94974,2341.905668,2327.013109,2366.326473,2377.226147,2388.162506,2476.353232,2467.019767,2453.821149,2552.605153,2574.46588,2634.845739,2397.57216,2538.782364,2669.553675,2644.867828,2598.150272,2486.148038,2428.296238,2438.764387,2452.979971,2511.761253,..
Algeria,8.595347,9.643154,10.996327,11.943385,13.552694,15.94481,17.722054,21.523505,26.979872,27.736565,32.119228,38.234969,41.829319,40.808137,42.073253,47.293708,47.134176,49.544459,49.546802,51.174701,54.725081,54.956878,56.69965,54.611561,55.336862,54.892603,55.994961,57.524501,60.924707,61.50756,63.016764,68.148429,71.983745,73.37692,77.47413,80.759469,84.879694,87.272018,94.157459,95.64298,102.892959,112.487661,115.833393,123.174071,130.481488,127.877918,130.532201,137.280141,..
Angola,1.617727,2.405734,2.199131,2.253837,1.955802,1.939556,1.506541,2.576223,2.539986,2.658145,2.522902,2.198075,2.321053,2.228183,2.817595,2.771552,2.849332,3.214568,3.304776,3.922267,4.013414,3.890286,4.225733,4.18085,3.913613,4.191566,4.333508,3.733818,4.742942,4.63338,5.032717,5.503133,7.065044,7.716416,6.146691,8.253096,9.650967,11.817271,13.871999,15.151684,16.144331,16.449741,19.289788,20.914026,21.53232,21.458342,18.875772,18.80172,..
Benin,0.304678,0.399858,0.409581,0.421428,0.462751,0.280361,0.334802,0.382204,0.382315,0.394843,0.299892,0.363766,0.364559,0.378828,0.472814,0.409385,0.35989,0.356206,0.281353,0.256412,0.199848,0.208945,0.208966,0.215168,0.221525,0.907229,1.159368,1.21466,1.340466,1.424519,1.73514,2.02022,2.276874,2.434437,2.677863,3.245668,3.786198,3.835942,4.193752,4.582754,4.419508,4.208053,4.463349,4.970069,5.291288,6.528711,6.663321,7.211733,..
Botswana,0.081791,0.115393,0.176975,0.363212,0.463783,0.698464,0.807649,0.918488,1.076327,1.137484,1.37653,1.43626,1.407255,1.402081,1.500972,1.727264,1.792776,2.152098,2.371309,2.807401,2.734687,3.298271,3.249688,3.080084,3.189755,2.915882,3.065988,3.6822,3.85849,4.033845,3.865552,4.026662,3.915011,3.970324,4.278592,4.086871,4.319812,4.392729,4.09028,3.271367,3.883977,4.985881,5.415702,6.986347,7.068888,6.979639,7.727657,8.06786,..
Cameroon,0.734006,0.769923,0.797873,0.795467,1.019224,0.930459,1.332718,1.429745,1.54213,1.668316,1.754799,1.878459,2.044363,2.140803,2.378233,2.296648,2.278816,2.492939,2.724862,2.643756,2.433156,2.273586,2.416963,2.550265,2.459446,2.443261,2.569145,2.684373,2.401607,2.788281,2.706746,2.896222,2.983401,3.014278,2.935781,3.10607,4.118061,4.269435,4.809731,5.050631,4.854705,4.936586,5.349179,5.992238,5.944767,6.094702,5.957287,6.25598,..
Congo,0.573467,0.605685,0.599404,0.603605,0.606426,0.74315,0.635409,0.679201,0.653601,0.692372,0.724337,0.800208,0.805278,0.728154,0.759835,0.686928,0.721913,0.673758,0.660974,0.638889,0.682875,0.612804,0.59402,0.387831,0.536664,0.422885,0.319257,0.326816,0.373629,0.497599,0.634625,0.503656,0.752223,0.78117,0.843574,1.022379,1.096506,1.37194,1.569329,1.833183,2.09355,2.228669,2.537397,2.640089,3.164794,2.97836,2.847335,2.847573,..
Côte d'Ivoire,2.401772,2.652976,2.710676,2.808985,3.03834,3.483598,3.414592,3.983024,3.653702,3.390969,2.986688,2.963288,3.738631,3.337323,3.046744,3.077344,3.049392,3.061432,2.928331,2.705417,2.791494,2.772149,2.95732,3.093579,3.262483,3.875068,4.786685,4.8294,6.688638,6.329922,6.258311,6.377864,5.150728,5.418416,5.813001,5.627601,5.548482,6.36128,5.926919,6.219376,5.987534,7.885024,8.458143,8.959079,9.556357,9.322272,10.375047,9.910228,..
Dem. Rep. of Congo,2.576893,2.643358,2.62255,2.6897,2.620726,2.690006,2.805207,2.861161,3.202245,3.167521,3.38628,2.635672,3.581413,3.474444,3.254053,3.005598,3.316847,3.483364,3.300299,2.989672,1.635402,1.4112,1.37255,1.214963,1.142631,1.152152,1.151975,1.273899,1.255271,0.852804,0.713348,0.770713,0.937636,1.013146,1.281832,1.393429,1.543003,1.715975,1.737353,1.869246,2.34466,2.271174,3.476123,4.656709,2.734926,1.979013,2.20186,2.123387,..
Egypt,20.050234,22.53856,20.696799,23.432926,25.581444,29.858133,32.001619,32.949601,36.356824,40.751362,46.634152,50.365321,56.312819,61.788595,64.473872,65.698859,70.823774,72.056439,75.788301,77.862966,77.264631,80.102356,81.887285,76.629593,81.466137,85.962443,92.827128,97.785352,102.147252,100.104957,111.733308,113.490667,117.819171,128.526056,145.027708,152.133593,163.594545,170.863898,174.449011,176.921993,182.670815,189.085708,189.365925,194.286613,203.28121,210.890465,216.758116,223.576606,..
Equatorial Guinea,..,..,..,..,..,..,..,..,..,..,0.08265,0.063399,0.041266,0.044311,0.041429,0.047624,0.050684,0.057041,0.076292,0.063399,0.066504,0.066504,0.060399,0.063503,0.066712,0.089171,0.149866,0.136928,0.181625,0.600535,0.927741,2.770626,2.975177,3.802622,5.902721,6.975762,6.070775,7.499578,7.744045,7.880418,8.340808,8.588571,7.87488,6.829009,5.693722,4.511582,4.90373,5.952248,..
Eritrea,..,..,..,..,..,..,..,..,..,..,..,..,..,..,..,..,..,..,..,..,..,0.437804,0.633044,0.715167,0.779286,0.854583,0.803162,0.596343,0.631615,0.618481,0.678506,0.661787,0.670794,0.664346,0.582093,0.505886,0.496383,0.429116,0.451022,0.48333,0.508848,0.533131,0.547812,0.559208,0.570601,0.581959,0.641514,0.71535,..
Ethiopia,1.307976,1.207798,1.298756,1.32179,1.17811,1.184784,1.165957,1.253924,1.32017,1.351695,1.489751,1.352898,1.452572,1.345737,1.385977,1.636789,1.86175,1.929515,2.03209,2.171078,2.214169,1.3944,1.798312,2.072112,2.325783,2.589803,2.753032,2.923389,2.918312,3.201238,4.038851,4.210465,4.570982,4.810595,4.427913,4.725167,5.439616,6.171482,6.276898,5.841199,6.742978,7.121442,8.331973,10.239443,9.986547,11.750607,12.258382,13.083401,..
Gabon,0.475371,0.472551,0.610544,0.55938,0.757319,1.172804,1.324602,1.743004,1.331937,1.290714,1.621632,1.758262,1.821704,1.507273,1.682488,1.477157,1.277949,1.442298,1.130406,0.910008,1.074154,1.112749,1.202799,1.165391,1.315246,1.415124,1.522005,1.617797,1.52247,1.465254,1.477057,1.385142,1.388737,1.431414,1.733485,1.80216,1.938413,2.015109,2.07918,2.659638,2.984984,3.126927,3.283267,3.251162,3.252522,3.459189,2.517885,2.538129,..
Ghana,1.915098,2.007377,2.07969,2.181189,2.305818,2.348777,2.507349,2.527553,2.213717,2.190291,2.677404,2.276178,1.49115,1.785739,2.067234,2.202734,2.297404,2.363984,2.613732,2.516857,2.257202,2.657613,2.696473,2.914599,3.184394,3.483325,3.604618,5.438717,5.818927,4.949505,5.444546,6.656509,6.37041,5.869142,6.306508,7.725022,8.355755,7.871324,9.253816,10.338014,10.871102,12.802961,13.679373,13.101061,13.962371,12.810093,13.18782,14.715228,..
Kenya,3.23255,3.385962,3.53958,3.525256,3.460622,3.97052,4.16436,4.152004,4.102855,4.394629,4.294571,4.069658,3.747745,4.457592,4.592785,5.216292,5.418373,5.377423,5.682855,5.517313,5.309007,5.337537,5.285051,5.27431,5.729446,6.229158,6.02844,6.583467,6.902118,7.767749,7.083632,6.834068,5.866275,6.724084,7.483192,8.445388,8.382223,8.822446,10.429718,11.209779,11.321457,10.354965,12.134728,12.868888,14.752144,16.306142,16.42563,15.936111,..
Libya,3.720885,5.40609,5.786403,6.780983,8.6706,9.227935,10.675967,11.920872,12.848423,17.588669,18.170963,19.711323,20.369148,21.51613,21.243693,22.139614,22.743203,25.052583,26.775857,25.843823,25.672065,25.416879,26.723484,31.133958,32.953725,34.673534,34.520321,35.343282,34.488556,36.743152,37.763462,39.814329,41.516154,42.414675,43.098348,41.977812,38.963802,42.184335,45.339114,48.181967,34.415101,44.366352,48.299016,50.770758,45.267882,43.839312,44.956481,45.643372,..
Mauritius,0.26147,0.290146,0.327956,0.397134,0.4224,0.488437,0.563669,0.604091,0.606905,0.572348,0.57874,0.531688,0.606552,0.648444,0.611518,0.762641,0.807272,0.901076,1.014059,1.164093,1.251644,1.323345,1.469078,1.514197,1.551459,1.614123,1.624193,1.791592,2.198405,2.431871,2.565573,2.612613,2.748569,2.770269,2.961755,3.304216,3.395196,3.466776,3.423313,3.662144,3.639261,3.725298,3.818031,3.949666,3.961157,4.035824,4.174998,4.1344,..
Morocco,6.578349,7.23056,8.329745,9.101343,9.662413,10.611978,11.647206,12.445379,13.333606,13.686748,13.860043,14.519196,15.296277,15.631605,16.272651,16.760031,17.162073,17.966846,19.41679,19.655831,20.604993,22.134018,22.84504,24.998546,26.073834,25.706733,26.87179,27.548587,29.085747,29.550532,32.193994,33.338022,33.067085,36.597954,39.215868,40.525447,41.349844,43.178424,43.15489,46.396882,50.751728,52.237979,51.519246,53.520673,55.370632,55.298503,58.147953,58.894841,..
Mozambique,2.933542,2.656237,2.771983,2.674152,2.375964,2.426944,2.307804,1.991258,1.894822,2.343329,2.033976,1.860488,1.721353,1.468862,1.504154,1.471128,1.470243,1.482472,1.459046,1.084831,0.903332,1.085147,1.280413,1.072361,1.148226,1.088453,1.198299,1.155733,1.146291,1.317721,1.304815,1.374402,1.664918,1.691163,1.514919,1.623487,1.973156,1.952469,2.21395,2.377492,2.824377,2.622461,2.955268,3.884442,5.030886,5.057044,5.289838,5.908925,..
Namibia,..,..,..,..,..,..,..,..,..,..,..,..,..,..,..,..,..,..,..,..,1.117883,1.218078,1.414582,1.636166,1.773395,1.923671,1.973528,2.017562,1.97896,1.942299,2.459678,2.128634,2.265814,2.379619,2.525483,2.534686,2.619665,2.955158,3.031223,3.12665,3.184594,3.310077,3.517696,3.664603,3.905771,3.989902,3.965652,3.883023,..
Niger,..,..,..,..,..,..,..,..,..,..,..,..,..,..,..,..,..,..,..,..,..,..,..,..,..,..,..,..,..,0.650995,0.646706,0.674977,0.73905,0.772818,0.736144,0.729631,0.80367,0.842418,1.068423,1.358855,1.3798,1.866202,1.779983,1.969994,1.953955,1.951763,2.048738,2.265855,..
Nigeria,5.699087,6.844628,8.417153,9.200067,10.816425,13.711857,16.809831,20.463966,21.072207,25.354711,28.336338,32.01894,33.045589,30.490718,31.785039,30.300692,31.179047,32.652055,33.152599,28.063613,32.882617,39.618963,36.167201,30.493465,32.775287,36.420383,41.379822,37.526018,39.348344,43.766126,49.224236,50.853827,54.066321,54.019439,56.558056,51.355652,47.716495,52.945289,44.125618,56.898879,66.425351,70.543365,80.885486,88.915573,82.514848,84.184865,85.981239,104.273266,..
Senegal,1.215743,1.250851,1.379128,1.469605,1.609257,1.676251,1.818236,1.76294,1.954134,2.040625,2.002294,1.92602,1.907434,2.039982,2.124697,2.042655,2.068894,1.967231,2.079177,2.133389,2.128483,2.322301,2.264493,2.326709,2.478529,2.597371,2.868096,3.191916,3.555822,3.521497,3.8357,3.916607,3.809677,4.438918,4.626203,4.437371,4.981105,5.218785,5.374331,5.458213,5.78242,5.661604,5.992018,6.674012,7.497464,8.137812,7.786802,8.079628,..
South Africa,157.114049,162.895135,178.462552,185.319902,202.998951,216.842805,217.293049,194.728749,198.764867,208.410963,219.461284,216.061558,207.999836,220.366731,222.952718,219.470727,234.733604,233.463087,236.849133,243.841742,238.70195,235.39361,242.839839,248.157173,259.773474,269.596588,284.044564,291.986701,274.279527,280.527092,316.490523,326.837737,348.267835,375.307942,372.303418,374.161979,391.489709,421.571107,398.589783,420.285692,404.687236,422.291487,432.210698,443.19358,419.548528,419.888251,429.862067,427.973052,..
South Sudan,..,..,..,..,..,..,..,..,..,..,..,..,..,..,..,..,..,..,..,..,..,..,..,..,..,..,..,..,..,..,..,..,..,..,..,..,..,..,..,..,..,1.418563,1.453128,1.525957,1.969439,1.730161,1.515641,1.382809,..
Sudan,3.214101,3.40838,4.546732,4.269517,3.212724,3.187272,3.394339,3.08119,3.143836,3.668349,3.58035,3.683504,3.755171,3.332012,3.980398,3.917559,3.001866,4.380945,3.953016,5.295628,4.733532,4.427454,3.09084,4.595561,4.308578,4.104243,5.074408,4.624786,5.091085,5.486143,6.017397,7.461757,7.642494,8.386446,9.927598,12.357718,13.29582,14.416562,14.737501,15.122702,14.206025,13.866769,13.118769,13.986273,16.360905,18.929077,18.784027,18.643104,..
United Rep. of Tanzania,1.40302,1.639618,1.672532,1.504019,1.405116,1.37833,1.389029,1.486589,1.524441,1.490209,1.470966,1.348626,1.368642,1.388699,1.463256,1.54363,1.538063,1.585175,1.602049,1.670508,1.644437,1.638549,1.695237,1.781511,2.492046,2.775189,2.635113,2.377083,2.179323,2.609612,2.765892,3.154326,3.289271,4.56565,5.118673,5.514291,5.278586,5.403928,5.177903,6.021547,7.240476,8.88039,9.893453,9.631775,10.472963,9.676776,10.120806,10.340139,..
Togo,0.34348,0.359389,0.304709,0.272966,0.317366,0.268867,0.341817,0.341609,0.413016,0.366446,0.364336,0.433069,0.299587,0.340392,0.296704,0.482043,0.523293,0.507088,0.513386,0.575191,0.524211,0.375015,0.25309,0.58911,0.579397,0.945054,0.661513,0.825618,1.092465,0.948868,0.781264,0.852204,1.090363,1.029607,0.963204,0.887183,0.892707,1.096276,2.275963,2.076229,1.887314,1.624766,1.27404,1.153051,1.01019,1.484601,1.254765,1.442741,..
Tunisia,3.720528,4.140034,4.23004,4.780959,4.846357,5.136259,5.744272,6.263881,7.321541,7.920133,8.142169,7.935557,9.122243,9.406497,9.661523,9.926558,9.974335,10.806669,11.668419,12.195735,12.533539,13.28341,13.703848,13.794887,14.035985,14.772056,15.427013,16.097814,16.89543,17.637839,18.508267,18.526039,18.341231,19.046303,19.47277,20.164077,20.978275,21.057747,21.139471,23.293569,22.244906,23.474414,23.645011,25.036033,25.614897,25.212344,26.156972,26.240853,..
Zambia,3.367956,3.781046,4.134305,4.130575,4.326456,4.309655,3.800083,3.627813,3.243647,3.280686,2.961602,2.838322,2.72511,2.739322,2.696412,2.781247,2.708517,3.022669,3.11194,2.561421,2.725755,2.705995,2.371446,2.029496,2.002364,1.620292,2.129496,2.030737,1.642455,1.653556,1.748671,1.830703,1.944402,1.950987,2.120692,1.961582,1.772534,1.970497,2.12763,2.210635,2.591669,3.418494,3.53414,3.949822,4.258497,4.543267,5.948683,6.693216,..
Zimbabwe,7.246331,6.867484,8.006572,7.658104,7.16925,7.986329,6.915968,7.072354,7.024612,7.974013,7.94862,7.763989,8.014052,8.300128,9.730003,10.935933,14.403584,14.028603,14.414758,16.248076,17.946361,18.101249,16.666906,15.523941,15.089219,14.455191,13.379317,13.627038,15.413219,13.291761,13.575128,12.245036,10.017817,9.568751,10.275328,9.554482,9.609766,7.447595,7.484654,9.504466,11.111422,11.547961,11.89306,11.644437,11.897421,10.405973,9.651807,11.683782,..
Other Africa,8.485039,8.338279,8.615836,9.19023,9.735306,10.098169,10.42493,10.116017,11.264064,12.47918,10.974272,10.131718,10.192305,10.171577,10.819849,10.730518,13.911729,14.15043,13.835444,14.199287,15.524912,15.828568,16.094257,16.894282,17.265827,17.672982,19.323368,20.341812,20.946475,20.530149,21.146982,20.769012,22.255604,23.330693,24.211912,25.157955,27.028804,28.413556,28.250306,30.362174,26.13241,27.991754,29.538853,30.016772,32.373303,32.801608,36.507909,38.388208,..
Africa,249.211429,264.003444,285.751815,299.684357,324.60933,352.6343,362.886849,352.959266,369.835677,398.064937,421.856769,431.160411,437.382426,453.268299,465.689899,470.812858,499.458799,510.172453,522.288055,530.713304,536.297338,545.405663,554.168007,554.710339,579.231328,601.390116,634.179979,650.837939,651.050173,663.384842,726.375132,752.646388,787.452813,837.8246,868.545455,886.05513,921.369567,978.830465,968.554585,1025.293688,1024.566306,1085.91443,1125.368928,1172.915433,1166.282683,1174.696077,1204.027935,1244.886909,..
Bangladesh,2.879934,2.879934,3.415264,3.895908,4.409654,4.682437,4.803017,5.190365,5.700371,6.581847,6.374086,6.885417,6.433646,6.390676,7.705068,8.522215,9.400715,9.761224,10.49572,11.423971,10.752097,11.748149,12.495181,13.471703,16.485473,16.671599,18.741427,18.980911,19.67457,20.946409,24.843932,26.550055,27.794844,29.741979,31.960244,35.202812,37.310312,40.881798,44.050973,49.899502,53.727197,57.318837,59.835786,63.046901,70.895346,72.943639,77.917018,81.967372,..
Brunei Darussalam,0.39805,0.385554,0.685174,1.142141,1.408173,1.85165,1.985738,1.87086,1.96415,2.639083,2.592829,2.706274,2.906486,2.931128,2.945928,2.939511,2.994496,3.132615,3.109555,3.260338,3.384467,3.58543,3.86477,4.138511,4.502607,4.712813,5.087993,4.313865,4.189516,4.425618,4.311228,4.361483,5.249015,4.920269,4.823126,7.216328,6.844039,7.223355,7.433705,6.861946,7.013411,6.969681,6.853818,6.69714,5.977692,6.411543,6.710178,7.143329,..
Cambodia,..,..,..,..,..,..,..,..,..,..,..,..,..,..,..,..,..,..,..,..,..,..,..,..,1.470828,1.529809,1.640639,1.882193,1.907148,1.963006,2.15261,2.210863,2.378217,2.377826,2.639032,2.944559,3.571214,3.650335,4.369845,4.62182,4.845225,5.05419,5.171265,6.098246,8.011977,9.287497,10.762923,10.547501,..
DPR of Korea,69.212076,71.535841,72.854708,75.905987,78.598511,84.568737,89.49878,94.861217,101.686411,108.129908,111.334224,116.566797,121.169471,124.409896,129.448215,127.090598,121.587499,123.439929,122.694632,116.84789,110.841742,97.78562,89.805761,81.858897,76.532289,67.126522,64.687911,59.646616,64.961365,69.968932,72.31511,69.072969,70.533249,72.092714,75.340154,76.534134,63.274757,70.381462,52.918936,49.292799,34.658929,36.052416,25.106144,28.676326,22.545503,27.296286,19.579697,15.321884,..
India,180.861812,188.081577,187.868474,203.447484,217.214799,232.162673,236.545713,231.006013,250.627932,263.387705,289.573673,306.05673,326.611665,360.447326,376.468522,410.219868,442.105354,466.781095,501.582678,530.121073,571.459488,595.360918,620.892821,655.420852,704.338127,737.742814,779.065564,794.999707,854.581781,889.825331,904.847581,934.661881,959.015056,1028.269311,1074.988747,1148.382272,1265.948768,1349.161628,1481.617814,1572.13941,1662.615506,1805.25433,1860.976366,2027.389859,2036.882284,2070.873609,2190.820126,2307.780028,2309.057152
Indonesia,25.211612,28.345325,32.111295,35.255924,37.839826,38.800366,46.374743,52.542092,59.381316,67.615846,73.105932,75.719577,75.485867,76.652795,84.233249,93.75569,96.166835,102.593844,106.965413,131.299715,141.750567,149.367272,162.28172,174.926912,200.05985,210.741445,232.357904,238.597202,255.772167,255.02388,274.290639,279.929465,308.643035,315.797938,317.557701,338.973756,355.155913,350.568312,365.808536,391.650564,449.828457,451.120452,416.859086,452.263782,453.86743,454.349592,492.711078,542.876277,..
Lao People's Democratic Republic,..,..,..,..,..,..,..,..,..,..,..,..,..,..,..,..,..,..,..,..,..,..,..,..,..,..,..,..,..,0.866005,0.960918,1.009593,1.051997,1.112173,1.158734,1.486577,1.580424,1.89539,2.155753,2.419113,2.551277,2.706166,3.336481,3.504599,7.692946,14.40224,17.551512,17.831771,..
Malaysia,12.7988,12.598451,13.024393,15.239512,16.217173,17.653624,17.505987,19.45155,21.743216,23.701845,25.36394,26.565448,29.456536,30.034863,32.910606,32.343434,33.742331,35.669567,41.848968,49.602675,59.943934,62.917252,67.759846,72.995447,79.589944,90.916783,97.293865,97.714667,106.343651,115.058945,120.445664,126.499631,132.792606,146.572513,155.842735,161.80455,178.056273,190.309585,169.809685,189.860901,191.49175,192.760388,208.731398,220.185326,220.239834,216.334922,210.767894,228.037553,..
Mongolia,..,..,..,..,..,..,..,..,..,..,..,..,..,..,11.761986,12.783153,13.54481,14.394702,13.657994,12.838965,14.673338,12.808868,11.82691,10.292679,10.235411,8.65076,8.477283,8.508039,8.567944,8.962385,8.945106,9.54934,9.251454,9.505726,10.984928,12.330981,12.909351,12.851063,13.538675,14.139533,15.572443,16.984529,18.287737,17.939589,17.118652,17.981117,19.276,21.130229,..
Myanmar,4.51245,4.394079,3.442839,4.02564,3.927468,4.193414,4.48422,4.637676,4.765234,5.072258,5.014248,5.150181,4.980085,5.481709,5.734879,6.058577,4.515227,4.279004,4.179898,3.914254,3.834927,4.089646,4.651183,5.456661,6.727112,7.105212,7.039295,7.765554,8.572831,9.282086,8.200056,8.082188,10.259271,9.922497,10.478173,9.715069,10.117078,7.60827,7.213987,7.906445,8.102464,11.44661,13.167232,16.535673,18.66683,20.899074,30.404919,31.525297,..
Nepal,0.190164,0.259621,0.394329,0.373918,0.318654,0.244249,0.28875,0.282386,0.453753,0.519432,0.444525,0.507679,0.725599,0.793742,0.551256,0.739356,0.747413,0.739812,0.578502,0.895188,1.126887,1.137413,1.298537,1.616301,1.76315,1.834007,2.100366,2.202562,3.006676,3.100119,3.350177,2.670826,2.904546,2.696735,3.074201,2.500867,2.57814,2.882196,3.424806,4.121846,4.404946,4.971779,4.944811,5.94916,5.694237,8.503721,10.193258,11.186544,..
Pakistan,15.872606,16.000198,16.989654,17.959063,19.981642,19.092109,20.301552,21.283489,22.971991,24.315825,26.266098,29.179347,30.63301,33.067204,36.498746,38.504423,45.196363,49.014615,53.23514,55.974007,57.146832,63.75284,70.364227,72.958119,79.248729,82.219065,85.676071,86.569974,94.875036,94.385051,95.401106,97.90849,100.489365,112.709614,114.969678,124.417223,136.348318,130.404249,133.727865,129.168625,130.670045,132.270774,133.081933,141.296463,150.688547,166.252796,183.420429,194.085841,..
Philippines,23.792521,24.700146,27.704517,26.562276,29.250497,29.062365,32.402003,33.724597,34.937834,32.621289,30.840902,31.113142,33.203111,29.588061,29.268471,27.086015,33.319918,34.997507,36.653882,38.051236,37.339882,40.829195,44.006148,47.36148,57.257517,62.157643,69.046937,69.434355,67.09936,68.130898,67.8777,66.845947,69.02883,70.527131,71.501652,65.547401,69.021642,71.179449,71.467864,77.128398,77.755475,80.408283,89.649782,95.71423,103.891197,114.751784,126.487694,132.139442,..
Singapore,6.059211,7.22202,8.121994,8.464359,8.439735,9.121566,10.179076,11.755671,12.673412,12.657553,13.531367,14.008146,15.111561,15.700486,16.604537,16.827283,17.233737,19.704493,21.091321,28.970008,30.47488,31.410865,36.164236,37.978755,37.581859,38.520116,38.161639,37.047107,37.802098,42.117548,42.031287,41.290841,38.15768,39.618758,36.901353,37.171597,38.286019,38.423608,38.831763,42.413616,44.766896,43.692284,43.917804,44.459324,45.49601,46.157289,47.429241,47.361142,..
Sri Lanka,2.757893,3.390964,3.533886,2.887007,2.637329,2.686088,2.905122,3.337852,3.625343,3.623598,3.759472,4.220681,4.445609,3.81764,3.485027,3.433691,3.965001,3.766497,3.587113,3.676208,3.822635,4.916224,4.816772,5.39157,5.454193,7.979738,7.950367,8.255429,9.102578,10.522688,10.403373,10.978487,11.949269,12.31365,13.39291,11.780162,12.937259,12.123205,11.566172,12.40876,14.673145,16.06775,13.740667,16.880141,19.489878,20.898562,22.284978,20.605892,..
Chinese Taipei,29.994366,34.114688,38.382046,37.405515,41.033543,49.58881,53.46321,60.520756,63.996394,71.046994,64.87595,64.390975,68.339085,69.812395,67.419443,78.881526,83.400213,97.615503,106.366801,108.63062,117.526001,124.893529,134.010618,141.790221,149.902681,157.374565,168.926014,181.131919,190.661164,208.382316,213.252154,220.629457,229.364407,237.283416,240.399889,247.869613,250.142313,238.905638,227.101922,242.562387,247.390827,243.145919,243.611485,249.626241,249.646289,254.433173,260.610984,257.02955,..
Thailand,16.242989,18.274131,20.717229,20.647901,21.151546,24.114394,26.747402,30.008132,32.091515,33.743672,32.559023,31.130056,34.59315,37.998561,42.058571,43.378321,49.995681,57.105329,66.177714,80.884028,90.012958,98.168643,110.650162,123.520636,139.93848,157.117163,160.972755,146.02567,151.719142,152.285498,159.993908,169.401921,177.112228,193.810027,200.203804,201.675955,209.446113,215.179331,207.20911,223.41565,221.780469,238.938634,247.422951,243.89519,247.8116,243.893985,243.825891,241.03054,..
Viet Nam,16.293834,15.903088,17.596204,14.41353,16.953904,11.766228,12.738559,13.406579,14.189147,14.903583,15.288506,16.447393,17.495595,17.379334,17.434722,19.116896,21.584731,20.907613,17.630514,17.388247,17.084085,17.687439,21.120162,23.421168,27.462105,30.902736,36.401705,40.225201,40.280361,44.237925,48.811068,57.187685,60.316876,73.549402,79.230185,81.577544,90.003941,101.243758,111.993506,126.659264,125.997063,125.185992,130.490981,144.37974,182.588799,193.611788,191.243601,226.522301,..
Other Asia,10.572599,10.396564,11.584728,13.679103,12.761011,12.446482,13.987812,14.330223,15.89533,16.660366,17.143814,16.701952,18.070107,18.516018,10.163354,9.683824,10.20993,9.959809,9.933592,10.255352,10.080724,9.268508,9.250987,9.820681,9.332236,9.808781,10.10259,10.590724,10.726138,12.234826,12.958904,12.977668,14.218191,15.063462,15.325378,15.583545,15.886223,17.700989,20.57491,22.979768,27.063215,24.938743,23.850752,24.995301,26.676751,26.837221,26.547779,27.278839,..
Asia (excl. China),417.650917,438.482181,458.426734,481.305268,512.143465,542.035192,574.211684,598.209458,646.703349,687.220804,718.068589,747.349795,789.660583,833.021834,874.69258,931.364381,989.710254,1053.863158,1119.789437,1204.033775,1281.255444,1329.727811,1405.260041,1482.420593,1607.882591,1693.111571,1793.730325,1813.891695,1929.843526,2011.719466,2075.392521,2141.81879,2230.510136,2377.885141,2460.772624,2582.714945,2759.418097,2862.573621,2974.815827,3169.650347,3324.90874,3495.287757,3549.036479,3809.533231,3893.881802,3986.119838,4188.5452,4421.401332,..
People's Rep. of China,780.185035,831.391074,864.162164,881.732495,1029.31944,1071.332089,1212.911796,1371.803873,1396.172436,1363.829588,1356.638636,1413.444354,1484.993606,1619.385521,1626.027131,1721.417906,1842.602848,1985.477642,2055.351947,2088.854238,2200.885206,2295.775295,2500.729949,2599.5029,2900.265046,2871.980724,2925.748702,3020.716711,2920.896797,3099.685154,3255.951126,3511.727723,4068.094745,4741.830883,5407.51803,5961.808473,6473.211479,6669.111668,7131.511865,7830.968904,8569.652812,8818.41331,9188.380792,9116.341237,9093.303762,9054.476007,9245.581695,9528.213699,9809.198061
"Hong Kong, China",9.229432,9.559367,9.629659,11.005085,10.897089,12.604471,14.560916,15.443159,14.278741,14.606744,15.793785,17.134789,19.565397,21.304941,22.30616,25.265865,27.762493,31.018064,32.377501,33.301683,36.221223,40.746733,43.190713,36.444238,36.527227,35.231026,32.769361,41.44088,44.468373,40.350296,41.452798,40.123061,42.81859,40.907743,41.332022,42.320555,44.032254,42.858175,46.247113,41.997165,45.64592,45.099344,46.051431,47.893205,43.940605,44.758797,44.041125,42.592967,..
"China (incl. Hong Kong, China)",789.414467,840.950441,873.791823,892.73758,1040.216529,1083.93656,1227.472712,1387.247032,1410.451177,1378.436332,1372.432421,1430.579143,1504.559003,1640.690462,1648.333291,1746.683771,1870.365341,2016.495706,2087.729448,2122.155921,2237.106429,2336.522028,2543.920662,2635.947138,2936.792273,2907.21175,2958.518063,3062.157591,2965.36517,3140.03545,3297.403924,3551.850784,4110.913335,4782.738626,5448.850052,6004.129028,6517.243733,6711.969843,7177.758978,7872.966069,8615.298732,8863.512654,9234.432223,9164.234442,9137.244367,9099.234804,9289.62282,9570.806666,..
Argentina,81.727514,83.755639,86.759122,87.126326,84.508547,88.265271,92.101251,90.834975,95.763405,93.522369,91.396228,90.859249,94.189216,93.63064,87.107271,93.315494,98.867665,103.035818,100.288574,93.50189,99.249369,101.078681,104.327422,106.870872,107.363269,117.961436,120.732098,127.684662,129.318282,128.020575,121.259301,114.215336,124.069073,137.576243,141.831506,150.334912,158.117251,162.643255,152.072394,162.435847,171.1801,172.645754,177.37422,173.718322,179.58615,177.99485,173.92535,171.160113,..
Bolivia,2.164001,2.403982,2.534277,2.7793,3.251221,3.551997,3.775478,4.105675,4.070227,4.250684,4.590869,4.896763,5.002535,4.565875,4.424266,4.169499,4.344798,4.360613,4.741625,5.209414,5.277048,5.504431,5.77554,6.289198,7.047971,6.827751,6.933721,7.205561,6.769777,7.023492,7.119651,7.347504,8.064327,8.546068,9.131723,10.195745,11.03929,11.941247,12.686616,13.816617,15.021531,15.747871,16.91188,18.412418,18.637437,19.849268,20.583667,21.04202,..
Brazil,87.482762,95.121976,112.08633,121.847281,129.628181,143.116898,146.985048,160.15253,169.699513,167.799186,156.339116,156.30513,148.368501,148.508181,156.328184,174.904076,179.534651,182.642212,184.774314,184.461974,191.37839,195.938311,203.156294,210.660745,228.000209,246.282829,263.33976,270.965359,280.07303,292.849662,299.568987,299.010083,293.298182,310.810549,311.623799,315.152972,330.759555,349.288692,325.51224,372.003618,391.039998,424.079903,453.805639,477.51837,453.677222,418.287341,428.047401,406.254313,406.4504939
Colombia,26.678965,27.327007,28.665865,30.819718,28.297258,30.023444,31.030867,33.015425,33.376454,34.805299,34.936088,35.495666,37.36616,37.800241,39.473328,40.162345,42.61389,43.088248,44.830874,45.814198,47.534665,49.44938,52.134779,52.182638,54.451536,54.351822,58.91731,59.341528,52.004782,54.16062,54.621316,52.499982,51.825523,51.957687,52.968293,53.050517,54.103296,54.85181,58.041634,59.550436,64.171832,63.978741,71.582491,73.227673,73.979764,76.992308,69.473478,73.081763,..
Costa Rica,1.273221,1.424178,1.629287,1.576507,1.738003,1.80165,2.280722,2.444064,2.430977,2.158296,2.017838,1.684629,1.72967,1.845311,1.948536,2.056879,2.203897,2.309376,2.628473,2.603601,2.759831,3.847132,3.811091,4.44677,4.438795,4.171403,4.091782,4.551688,4.56463,4.499209,4.912859,5.019251,5.326404,5.322985,5.452692,5.9878,6.679285,6.681032,6.368216,6.603721,6.883321,6.902514,7.211048,7.250397,6.917607,7.460093,7.557303,7.63451,..
Cuba,20.813546,20.234647,21.702838,23.557074,24.184624,25.137717,27.472378,29.714283,29.685228,30.492048,30.381753,30.518624,33.202575,34.643657,32.178767,32.761965,34.603885,36.520609,37.747625,34.116558,26.562558,21.231716,19.635145,21.148496,22.448802,24.405487,26.397965,26.051732,26.900297,27.343782,26.465535,25.240962,24.50273,24.223932,25.051431,25.442477,26.31291,25.468898,26.296927,29.508746,27.812486,28.089417,26.648096,26.210606,26.844686,27.812072,25.053862,24.377046,..
Curaçao,14.514366,14.112515,15.607217,14.122548,10.195285,10.847666,10.981704,9.270318,9.180926,8.676232,8.040503,7.294269,6.827286,6.689144,4.497631,4.295493,3.963707,3.457732,2.955082,2.664753,2.764218,2.860177,2.324581,2.627618,2.633531,2.660956,5.261618,5.43361,5.400826,5.620901,5.657879,5.412247,5.428458,5.669472,5.977663,5.883453,6.392661,6.327339,5.930754,4.378255,5.626436,5.090717,4.645371,5.217532,5.271328,4.510083,3.487808,2.782642,..
Dominican Republic,3.485648,4.572649,4.636073,4.998163,5.213329,5.347045,5.677994,5.829988,6.150973,6.329212,6.000195,5.794147,6.754477,7.079087,6.234306,7.069608,8.082915,8.133109,8.668528,7.403191,7.697152,9.032718,8.973932,10.590285,11.221463,12.025153,13.717811,15.806193,16.812945,17.595221,17.8108,19.588636,17.503658,16.154859,17.522139,18.786072,18.937533,18.866365,18.105931,19.024732,19.309773,20.035774,19.596175,19.456968,21.523282,22.540723,21.469379,23.201591,..
Ecuador,3.494978,3.521572,3.967888,5.235338,5.935604,6.862997,8.096243,9.238904,9.699261,10.407166,11.801047,11.823018,11.093483,11.188183,11.665556,11.915399,11.624474,12.291645,12.022618,13.321492,13.914198,14.826013,14.044413,14.908078,16.691131,19.21079,20.43657,20.406811,17.882238,18.30738,20.320487,20.465614,20.749742,22.063981,23.831727,25.623491,25.993721,26.47144,29.172385,31.579853,32.059407,33.295513,35.664658,37.395792,37.180709,35.535011,34.381679,36.23505,..
El Salvador,1.304512,1.532042,1.688563,1.698276,1.929707,1.952711,2.015519,2.025096,1.937294,1.596099,1.50046,1.484781,1.48992,1.5179,1.640679,1.621674,2.000047,2.088096,2.037808,2.106603,2.773216,3.173513,3.553101,4.094348,4.579742,3.983752,4.882832,5.211224,5.166091,5.178171,5.371915,5.379672,5.930401,6.153492,6.371941,6.701966,7.107757,6.393374,6.197739,6.032021,6.262934,6.235357,5.98952,6.20452,6.613808,6.78388,5.995966,6.422673,..
Guatemala,2.26419,2.49315,2.630933,2.714006,3.015686,2.897052,3.342738,3.75494,4.21527,4.213934,3.635699,3.189331,2.746414,3.094064,3.183813,2.319766,2.719942,2.905737,3.037567,3.206929,3.410717,4.225832,4.627181,4.917245,5.85899,5.719038,6.002673,7.645175,7.516597,8.582302,8.968217,9.628764,9.709347,9.844591,10.536922,10.539162,11.404889,10.247264,11.259368,10.346499,10.625581,11.029402,11.853771,12.590141,14.984698,16.100708,15.150086,16.855849,..
Haiti,0.378568,0.355967,0.365385,0.408776,0.412844,0.569452,0.595034,0.645046,0.651935,0.62034,0.521503,0.668709,0.749612,0.779134,0.796137,0.740572,0.812901,0.886395,0.934805,0.934148,0.893794,0.814937,0.651536,0.189015,0.902323,1.058212,1.274188,1.30995,1.381721,1.473308,1.514221,1.705446,1.689309,1.542671,1.581574,1.600898,1.92908,1.910092,1.872782,2.340163,2.677973,2.386207,2.611995,2.943579,3.202916,3.28704,3.248729,3.212247,..
Honduras,1.123192,1.158467,1.266173,1.249289,1.327971,1.421382,1.578267,1.584455,1.684669,1.695725,1.611652,1.595442,1.762725,1.864606,1.671582,1.70131,1.900198,2.095412,2.318728,2.177192,2.163136,2.463117,2.601679,2.999878,3.575392,3.520901,3.620726,4.324058,4.360525,4.487715,5.290766,5.620189,6.24616,7.035836,6.459433,7.355099,7.892919,7.939095,7.436062,7.57499,8.146499,8.472749,8.679065,8.802888,9.207266,8.742391,8.344868,9.114703,..
Jamaica,7.669716,7.627309,8.172027,8.068342,7.087567,6.329946,6.959163,7.135733,6.86022,6.672568,6.613605,5.585654,5.630447,5.248246,4.682808,4.461181,4.619027,4.831638,6.228706,7.24573,7.213088,7.907485,8.098002,8.155319,8.417,8.773247,8.960265,9.461793,9.738746,9.79041,9.817042,9.971391,10.281151,10.256827,10.281648,11.745439,11.752897,9.318431,7.493524,7.149425,7.271202,6.775178,7.22068,6.990581,6.873746,7.353404,6.834821,8.192019,..
Nicaragua,1.489616,1.526743,1.6687,1.837817,1.852741,2.12521,2.611266,2.356863,1.566612,1.797992,1.880149,1.867058,1.959579,1.790694,1.802587,2.131563,2.216532,1.922373,1.568553,1.83922,1.816071,2.116121,2.089146,2.392728,2.513712,2.66239,2.85883,3.358084,3.392318,3.542102,3.708131,3.832414,4.164388,4.282777,4.087383,4.295448,4.453252,4.252752,4.184998,4.27726,4.492743,4.445077,4.236046,4.487221,4.999815,5.108276,5.129923,4.940499,..
Panama,2.486548,2.660544,2.917585,2.978268,3.096657,3.092588,3.070677,2.902162,3.059528,2.91099,2.522492,2.961885,3.394105,2.813344,2.666133,2.749261,3.053915,2.390267,2.495059,2.56342,2.995382,3.527763,3.549679,3.772839,4.091661,4.129179,4.337951,5.401175,4.68859,4.87777,5.869649,5.095914,5.154759,5.178421,6.685344,7.063445,7.056916,6.565418,8.034771,8.601078,9.300784,9.560822,9.686018,10.431837,9.846218,9.915826,9.394664,9.282635,..
Paraguay,0.571145,0.630896,0.703103,0.666169,0.703543,0.779567,1.117867,1.401695,1.346566,1.347049,1.308657,1.311697,1.249112,1.395992,1.422914,1.467409,1.611565,1.844501,1.830604,1.929829,1.884365,2.254322,2.6075,3.070872,3.489665,3.44839,3.833791,4.019593,4.026969,3.281664,3.414675,3.589508,3.712996,3.763342,3.472665,3.604743,3.736907,3.951832,4.100728,4.791954,5.016166,4.887249,5.082017,5.371928,6.017664,6.803062,7.654689,8.066097,..
Peru,15.390068,15.402703,16.252576,17.490844,18.240381,18.513808,18.18615,18.361593,19.198236,20.402545,21.248448,21.068801,17.775324,18.601187,18.051923,19.331321,20.901602,21.265196,19.307941,19.151453,18.540999,19.360974,20.031106,20.549576,23.310638,25.680164,25.412637,24.421357,26.85635,26.402615,24.337209,25.525392,24.875713,28.768292,28.632888,28.03185,30.924403,35.209581,37.747353,41.544007,44.92097,44.093037,45.182415,48.110807,49.530283,52.186698,49.754701,50.045169,..
Suriname,..,..,..,..,..,..,..,..,..,..,..,..,..,..,..,..,..,..,..,..,..,..,..,..,..,..,..,..,..,1.453535,1.491701,1.087072,1.205748,1.364969,1.659558,1.501846,1.384335,1.429193,1.427307,1.727123,1.923674,2.39714,2.238544,2.592445,2.696484,2.252624,2.076234,2.024317,..
Trinidad and Tobago,5.368951,5.472722,5.667528,5.194405,4.57518,5.183822,5.939647,5.878389,5.917776,6.370101,7.205662,7.02123,6.636807,6.753663,6.654053,6.827376,7.17804,7.722959,7.594772,7.90116,7.809563,8.168049,7.870406,8.062188,8.163496,8.497382,9.111626,9.478864,9.479932,9.717752,11.144181,12.258499,14.997255,15.654797,17.033542,19.399449,19.796836,19.284191,18.483405,20.994652,21.555389,20.662016,21.324907,21.214119,20.569489,17.675667,17.623719,17.188522,..
Uruguay,4.978842,5.423262,5.057218,4.862862,5.167543,5.261873,5.17236,5.295726,5.757752,5.171916,4.911358,4.586626,3.666553,3.280467,3.082236,3.026279,3.408791,4.42785,4.793226,3.622538,4.145735,4.542817,4.264542,3.94741,4.417567,5.142146,5.207063,5.385496,6.428901,5.14437,4.49562,4.091246,4.029615,5.193153,5.151981,6.070148,5.597381,7.499444,7.248596,5.954536,7.226083,8.177091,7.024711,6.173125,6.301466,6.232524,5.781555,6.223884,..
Venezuela,45.912843,47.404034,55.039786,56.264607,56.070364,59.47076,61.603139,67.006458,76.362663,83.370083,84.542933,85.40718,84.912646,85.039963,85.139411,84.895519,83.990595,84.910738,91.603222,93.587092,92.35801,94.550942,100.207953,100.803445,106.098113,114.098435,118.811648,119.70028,116.003455,121.227496,126.536329,133.535045,128.351777,132.929716,140.442342,138.620939,134.574509,142.343616,143.727486,155.570806,149.845932,161.181248,158.04971,155.765304,140.826838,129.08378,123.354984,112.588512,..
Other Non-OECD Americas,8.186185,9.484772,10.402494,8.575003,10.868678,9.589035,10.612284,11.011304,10.337614,10.263183,10.657118,9.612718,8.603936,9.308795,9.236559,9.907606,11.10602,11.522045,12.0274,12.419919,12.70742,12.349361,12.493944,12.799442,13.384143,13.456891,13.624184,14.128915,14.421164,14.087344,14.908768,14.421437,14.92215,15.280776,14.719585,14.688888,15.573785,15.53848,15.967818,16.91259,12.059602,14.891201,15.908934,15.447685,15.192203,15.803318,15.006789,14.573986,..
Non-OECD Americas,338.759377,353.646776,389.420968,404.070919,407.300914,432.141891,451.205796,473.965622,498.953099,504.873017,493.663373,491.032607,485.111083,487.438374,483.88868,511.831595,531.359057,544.652569,554.436104,547.782304,555.848925,569.223792,586.828972,605.479005,643.099149,688.067754,727.767049,751.293108,753.188166,774.667396,784.605239,784.541604,786.038866,829.575436,850.507779,871.676759,901.521368,934.422841,909.369034,992.718929,1024.430416,1075.059978,1118.527911,1145.534258,1120.481079,1078.310947,1059.331655,1034.50016,..
Bahrain,2.89375,3.301257,4.267854,5.049697,5.229829,5.684432,6.297152,6.677345,7.137318,7.239605,7.76238,8.140446,8.467067,8.662289,9.099749,9.775501,9.618885,10.124097,10.266868,10.67977,10.285376,12.17994,12.97847,13.282185,13.457588,14.093192,14.349014,15.419684,15.394167,15.843119,16.353671,17.19747,17.90741,17.789201,20.564912,22.35459,22.866845,24.615976,24.478322,25.551566,25.5737,26.100963,28.292683,29.695139,30.072802,29.638922,29.813834,30.188495,..
Islamic Rep. of Iran,38.90385,43.018533,51.987425,58.70695,68.032544,77.827619,87.472493,86.548198,95.753766,88.499924,90.517705,102.307231,122.994057,133.200507,145.047521,134.59878,143.967531,147.478527,162.747139,171.245614,191.270402,206.421681,208.881739,238.343622,244.569989,251.257752,263.606035,266.084309,298.55502,312.265373,327.350672,343.057362,357.393759,385.876048,417.780642,449.259945,480.064819,487.344413,504.28744,498.60787,507.801752,514.469019,538.250929,559.171459,555.800994,556.95523,569.9764,579.554643,..
Iraq,10.317717,11.495864,11.807706,12.827445,15.538682,19.28221,20.178715,22.717821,26.533044,26.233201,25.257805,27.165118,31.392922,33.788173,37.97435,42.46069,44.010257,49.327634,54.456713,52.412387,43.382301,66.405681,87.844062,98.808003,95.14489,97.47167,114.188746,79.193675,60.907129,70.503445,80.279409,75.127374,69.585234,72.87342,73.175677,68.981641,62.715441,72.787954,92.306772,103.576749,110.423394,126.55095,135.718179,140.885462,130.762392,138.409591,139.455123,153.305259,..
Jordan,1.351478,1.502173,1.721909,1.829317,2.151025,2.641021,2.798023,3.364461,3.464197,4.311927,5.259262,5.988904,6.531471,7.079123,7.474582,8.238996,8.68386,8.411899,8.510955,9.174481,9.216634,10.636273,10.769786,11.374282,12.194147,12.467323,13.086609,13.574961,13.583796,15.247143,15.048858,15.552488,16.031807,17.18991,18.45899,18.766975,19.549339,18.443026,19.271018,18.787764,19.759767,22.711286,22.340651,24.016096,23.737087,23.147952,24.386806,22.985046,..
Kuwait,14.027985,15.445086,16.246104,15.699757,15.079403,16.438765,18.067626,19.949201,25.5547,26.341316,26.66773,30.136316,32.2269,32.860605,36.497433,39.946071,42.879842,52.046532,60.541232,27.565518,7.536999,21.866099,28.130162,32.410674,32.090246,31.21679,32.333398,38.429465,42.242544,45.77883,49.652745,51.546102,52.932666,56.751849,64.750023,67.309013,67.504013,71.594638,73.934571,77.145631,79.979896,82.318413,83.831388,81.872904,86.173105,88.08019,88.047602,87.789082,..
Lebanon,4.581587,4.984535,6.387461,6.488247,5.709367,5.247473,4.612881,5.803474,6.29975,6.652979,6.333573,4.678657,5.194783,5.456357,6.61405,7.061642,7.231645,5.473164,5.514276,5.514276,6.948884,6.897845,10.13527,11.11941,12.829853,13.341125,15.281784,14.921432,15.700992,14.041815,15.202855,15.16019,15.109906,15.264328,14.529898,14.221728,12.779924,16.330738,19.360746,18.2933,18.597083,21.08113,20.705495,22.538012,24.61915,25.46051,26.924525,25.362477,..
Oman,0.256418,0.262776,0.290807,0.448978,0.72224,1.117322,1.310465,1.545424,1.889158,2.248345,2.507352,2.943549,3.894997,4.982019,5.636288,6.23097,6.309489,6.627584,6.846781,10.162419,14.104387,13.356609,12.581988,12.505456,14.691666,14.93329,14.987858,15.278254,17.488387,20.419105,23.015884,24.672962,25.285976,25.111495,25.181794,33.729774,37.159501,36.19049,38.720352,42.555727,48.96603,54.577027,56.749329,59.92974,63.904076,64.757093,65.117424,68.772948,..
Qatar,2.240474,2.469786,3.456428,2.998563,4.927527,3.47853,4.047407,3.831656,6.210288,6.982121,8.478926,9.21632,9.559386,10.655332,10.685735,11.397005,11.634748,12.044357,12.829697,12.431991,13.731547,14.453934,15.269861,16.055832,16.831699,17.632731,19.179641,20.426688,22.554592,21.257766,22.477361,26.559287,27.85915,30.866828,33.211677,38.463634,43.99655,46.921888,48.040842,55.503424,62.905,70.005115,71.322307,76.940444,79.9187,81.886953,84.336849,86.994686,..
Saudi Arabia,12.678676,14.409906,17.566038,20.205112,22.518895,25.906123,34.43907,52.850383,73.640004,99.437037,112.982914,125.405467,134.862509,117.292676,117.802204,118.481562,130.196758,138.383257,138.045279,151.113969,157.30643,170.657295,180.822518,193.006547,191.6531,203.527024,205.71737,220.203405,226.146605,234.61663,238.287581,255.31861,266.341912,282.109078,297.111649,315.8475,332.962674,363.868715,379.446967,418.241795,434.342301,463.380752,471.162355,506.944334,531.393717,527.78816,516.62305,491.656375,..
Syrian Arab Republic ,5.43466,5.143147,4.930734,6.984725,8.260522,9.28906,10.06045,10.151429,13.339385,12.328176,13.869464,16.593166,19.561478,22.043922,19.536172,20.97891,23.803495,24.442722,23.830166,27.22996,29.78813,28.290407,28.270612,29.402617,31.132913,34.245485,34.522842,37.530355,36.569237,37.02849,38.9067,39.815105,40.035773,42.492212,53.466192,56.694149,59.993537,61.87622,57.02075,57.270529,53.7153,43.74374,28.589089,25.307405,23.74144,24.855623,26.773359,25.769157,..
United Arab Emirates,2.46316,2.585426,3.233522,3.371135,4.919173,6.371012,10.603244,12.250029,14.498958,19.221274,23.326969,25.561949,24.689929,31.868972,35.6335,40.014424,44.212125,45.435724,51.945915,51.851216,59.134993,56.541409,59.58993,65.557383,69.603771,72.70373,76.585357,78.337826,80.619403,79.823506,92.68979,94.649985,98.868392,105.082076,111.205379,115.116794,124.255251,146.556021,148.543136,154.613909,158.148364,168.516514,176.773001,176.389804,186.575572,192.070738,200.601979,192.544981,..
Yemen,1.202551,1.454611,1.861904,1.843756,1.752491,2.178356,2.194749,2.43593,2.635676,3.477099,3.497697,3.995751,4.426258,4.525293,4.857042,5.140599,5.645353,6.087412,6.338936,6.296831,8.146404,8.801143,7.796089,8.156052,9.436415,9.670132,10.359396,11.262898,12.599914,13.348566,14.517273,14.56285,16.84238,17.846268,18.836222,18.893315,20.003286,21.254518,23.468288,22.388934,19.804942,18.118959,24.651604,24.203249,11.783504,9.579366,8.672161,8.008745,..
Middle East,96.352306,106.0731,123.757892,136.453682,154.841698,175.461923,202.082275,228.125351,276.956244,302.973004,326.461777,362.132874,403.801757,412.415268,436.858626,444.32515,478.193988,505.882909,541.873957,535.678432,550.852487,616.508316,663.070487,730.022063,743.636277,772.560244,814.19805,810.662952,842.361786,880.173788,933.782799,973.219785,1004.194365,1069.252713,1148.273055,1219.639058,1283.85118,1367.784597,1428.879204,1492.537198,1540.017529,1611.573868,1658.38701,1727.894048,1748.482539,1762.630328,1780.729112,1772.931894,..
IEA/Accession/Association,10588.50824,11083.73342,11684.92926,11527.89234,11395.92327,12044.62923,12438.38881,12712.10523,13029.85315,12694.18241,12452.19571,12191.25621,12200.59984,12706.96236,12855.88644,13007.12178,13434.76499,13931.30745,14213.92209,14296.62324,14516.32538,14678.84185,15040.53968,15392.72876,15957.52995,16392.6377,16795.82369,16927.92389,16962.2962,17513.79203,17778.7412,17985.03697,18836.72838,19778.88526,20532.68036,21111.64514,21953.79968,21962.34416,21790.61395,23176.38018,23829.11415,24099.87804,24598.85579,24524.82813,24406.84444,24287.66644,24631.5227,25123.11184,..
European Union - 28,..,..,..,..,..,..,..,..,..,..,..,..,..,..,..,..,..,..,..,4024.210548,4000.517254,3868.676433,3796.646914,3771.051098,3812.194145,3932.631722,3840.254394,3832.964657,3771.614279,3786.308505,3859.497434,3839.224572,3942.86098,3944.016675,3922.174257,3928.675372,3872.801388,3788.444391,3508.660099,3612.730265,3478.527798,3445.865482,3361.136615,3175.078148,3220.51022,3206.089797,3214.046765,3150.883369,..
G7,7692.319357,8023.871363,8453.480931,8220.485028,7872.430974,8298.921567,8472.173003,8518.96256,8686.171237,8317.956518,8106.711265,7773.682331,7719.23577,7982.022732,8016.073436,7980.037729,8158.683682,8456.793369,8558.716283,8490.611535,8471.26752,8500.370044,8561.005474,8670.125772,8758.236038,9005.528843,9215.697746,9261.33655,9289.729189,9499.175553,9489.749746,9363.259114,9496.550172,9556.658892,9570.40569,9433.47496,9526.324249,9243.435067,8609.28025,8977.600278,8734.012919,8568.935348,8697.151867,8540.527821,8390.738597,8264.395597,8149.965884,8236.186422,7999.700815
G8,..,..,..,..,..,..,..,..,..,..,..,..,..,..,..,..,..,..,..,10654.14461,10607.71179,10459.71813,10360.80077,10266.51607,10306.48822,10527.18685,10630.48951,10667.9247,10732.71104,10973.56984,10964.41972,10829.11015,10990.44592,11044.86038,11052.30283,10971.17762,11060.0495,10797.2734,10049.96135,10506.82845,10338.75582,10176.88509,10265.68503,10092.13295,9925.19683,9774.953195,9686.73676,9823.210876,..
G20,..,..,..,..,..,..,..,..,..,..,..,..,..,..,..,..,..,..,..,16787.65979,16932.51464,16897.94758,17089.45889,17218.0587,17719.50327,18127.26677,18402.15188,18552.88545,18599.53046,19190.2855,19451.02313,19646.94309,20551.64381,21484.14726,22243.47944,22906.29036,23758.7792,23804.86334,23518.53317,25004.33685,25765.47066,26038.0608,26480.87529,26434.24237,26316.50582,26165.73427,26520.747,27034.72277,..
Africa,249.211429,264.003444,285.751815,299.684357,324.60933,352.6343,362.886849,352.959266,369.835677,398.064937,421.856769,431.160411,437.382426,453.268299,465.689899,470.812858,499.458799,510.172453,522.288055,530.713304,536.297338,545.405663,554.168007,554.710339,579.231328,601.390116,634.179979,650.837939,651.050173,663.384842,726.375132,752.646388,787.452813,837.8246,868.545455,886.05513,921.369567,978.830465,968.554585,1025.293688,1024.566306,1085.91443,1125.368928,1172.915433,1166.282683,1174.696077,1204.027935,1244.886909,..
Americas,5082.810342,5366.632467,5593.802793,5477.390259,5291.915809,5601.278727,5807.407435,5837.829561,5921.031463,5748.93364,5671.198527,5446.533806,5401.492929,5619.444325,5652.86713,5635.735085,5830.979863,6086.479974,6193.29698,6046.514943,6028.759891,6130.73447,6269.730943,6401.782774,6483.953792,6719.065773,7062.722125,7166.396755,7189.312629,7416.357063,7390.209596,7260.008281,7366.269506,7493.928941,7559.477042,7486.221491,7644.801473,7487.887698,7031.970448,7380.108412,7223.039757,7051.998167,7235.519466,7253.993263,7121.888556,6990.14636,6905.842323,7055.02605,..
Asia,..,..,..,..,..,..,..,..,..,..,..,..,..,..,..,..,..,..,..,5847.822621,6086.063508,6290.102746,6591.291079,6865.553202,7323.376249,7432.185063,7624.810232,7666.965318,7779.944444,8176.287272,8431.08943,8847.451383,9565.22733,10488.11518,11330.14569,12115.31735,12965.59186,13342.58821,13888.58709,14987.9379,16056.36704,16599.16839,17072.10592,17243.24327,17314.58608,17422.6213,17872.24746,18329.78366,..
Europe,..,..,..,..,..,..,..,..,..,..,..,..,..,..,..,..,..,..,..,7173.245141,7062.570778,6644.912428,6317.738409,5978.108704,5953.177762,6005.532044,5795.531301,5764.050128,5717.676987,5757.90083,5839.42358,5815.665409,5982.178741,5962.854106,5919.17763,5995.825515,5940.575431,5869.747765,5422.782044,5644.032029,5597.599613,5555.655389,5423.560997,5175.101272,5159.758975,5135.106096,5143.170818,5142.165185,..
Oceania,161.117464,168.055674,179.319822,196.726679,201.114755,204.946731,219.962168,213.579927,218.715738,228.352741,229.507936,236.555543,225.147594,232.301442,244.574857,244.659854,256.608437,266.743386,279.968431,286.889289,288.536561,294.447323,298.071859,304.635093,315.093241,326.795493,336.42115,357.020971,363.543465,372.201824,381.420359,389.087345,391.033387,404.574424,409.847696,415.303356,424.385042,428.57119,431.66327,425.604036,423.342449,424.795528,419.039134,411.146045,418.596847,427.015369,431.316342,429.791862,..
