Region/Country/Economy,1971,1972,1973,1974,1975,1976,1977,1978,1979,1980,1981,1982,1983,1984,1985,1986,1987,1988,1989,1990,1991,1992,1993,1994,1995,1996,1997,1998,1999,2000,2001,2002,2003,2004,2005,2006,2007,2008,2009,2010,2011,2012,2013,2014,2015,2016,2017,2018
Canada,68.241577,78.068799,83.022777,86.072676,87.800192,89.762384,94.853695,91.258655,95.160724,96.548493,94.181976,95.667089,93.738825,100.811868,108.619693,107.601359,106.655026,117.719909,122.598909,119.107475,118.999225,125.237264,130.825296,137.868044,143.380593,150.585314,151.254155,146.303661,153.408867,162.561896,156.188947,164.115271,172.14202,166.515111,167.084184,164.88802,175.765535,174.165305,168.890666,171.445712,188.880465,191.806764,202.925622,214.018729,212.264958,206.32885,211.167112,229.494868
Chile,1.322888,1.204692,0.945728,0.985312,1.119767,1.220344,1.255888,1.172984,1.388223,1.421647,1.399886,1.449315,1.563726,1.599574,1.595787,1.46219,1.419678,1.993194,3.108114,0.939568,1.012173,1.035399,0.913263,0.973851,1.017525,1.01596,1.926194,3.276548,4.342695,6.690733,8.474443,8.31848,9.87337,11.133852,10.562659,8.510898,5.107871,3.390454,4.573738,8.727348,10.221246,9.002064,9.200237,7.707955,8.278795,8.715988,9.21603,9.206151
Mexico,19.565683,20.974657,23.46038,24.596254,24.462859,23.608215,24.819774,30.706251,38.178367,40.455567,42.594323,48.627575,48.642975,49.007765,50.54564,44.823507,44.46109,45.040917,43.003998,48.387849,52.164451,52.952852,55.097717,57.242229,56.311144,60.995606,65.345167,75.479975,72.166115,81.989903,83.047619,93.507833,104.622147,109.499581,109.167963,120.506503,124.137643,130.645148,130.678066,135.154763,140.151404,146.732018,140.647569,138.48892,144.249879,146.204247,150.105054,155.809045
United States,1195.865546,1208.139816,1198.175615,1156.763616,1061.68519,1082.889475,1060.75991,1064.567765,1099.894305,1085.434222,1060.679379,984.913934,923.775895,984.994162,949.229369,889.280673,941.159299,987.973324,1032.457388,994.854354,1013.849197,1041.835804,1077.694206,1100.596521,1144.100977,1167.507938,1204.493328,1184.900027,1190.514364,1234.183821,1181.728598,1220.818058,1190.139879,1195.910835,1180.509113,1166.06549,1243.299285,1247.962643,1221.322907,1286.982173,1303.506086,1360.979409,1385.623476,1412.44023,1459.337765,1469.893053,1436.739653,1600.655542
OECD Americas,1284.995694,1308.387964,1305.6045,1268.417858,1175.068008,1197.480418,1181.689267,1187.705655,1234.621619,1223.859929,1198.855564,1130.657913,1067.721421,1136.413369,1109.990489,1043.167729,1093.695093,1152.727344,1201.168409,1163.289246,1186.025046,1221.061319,1264.530482,1296.680645,1344.810239,1380.104818,1423.018844,1409.960211,1420.432041,1485.426353,1429.439607,1486.759642,1476.777416,1483.059379,1467.323919,1459.970911,1548.310334,1556.16355,1525.465377,1602.309996,1642.759201,1708.520255,1738.396904,1772.655834,1824.131397,1831.142138,1807.227849,1995.165606
Australia,3.999767,5.813015,7.110204,7.809339,8.641061,9.734371,11.450425,12.59155,14.049247,16.289185,18.828326,20.821621,20.756691,22.246348,23.775337,26.107065,26.833062,28.127222,29.052602,32.273562,30.588205,31.882516,33.269679,34.783823,37.390369,37.677557,37.959443,39.629147,41.439466,43.611243,46.034561,50.669239,46.330634,47.812718,47.691541,48.495594,55.552128,57.34326,59.593751,60.899574,61.775727,64.797705,65.379854,66.496995,67.15271,69.18367,71.822732,74.144969
Israel,0.032768,0.023225,0,0.000656,0.000656,0.000656,0.000656,0.001262,0.000858,0.00212,0.00212,0.000858,0.000858,0.000858,0.00722,0.005705,0.006311,0.005705,0.005958,0.00515,0.003787,0.003938,0.000454,0.000505,0.008028,0.01035,0.010552,0.008432,0.010552,0.007069,0.006917,0.015046,0.016914,2.296538,3.161028,4.537132,5.446811,6.924047,8.462679,10.191154,9.471672,4.939891,13.612558,15.493058,16.365677,18.623186,19.945771,18.333373
Japan,8.57613,8.732548,13.654011,17.516395,19.28208,22.960277,28.182508,38.401583,45.342191,51.499194,52.743924,53.400496,56.993769,76.572427,81.885894,83.353234,86.038444,90.237546,96.482502,111.564246,119.543504,120.95151,123.855454,130.029944,134.692269,140.480851,145.204035,149.018856,157.960483,162.903164,162.311558,166.227073,171.637773,170.653013,169.461196,186.213207,202.337476,198.253693,196.130376,206.762698,241.050062,250.265953,249.543628,251.652693,239.646048,244.358322,239.012699,228.380277
Korea,0,0,0,0,0,0,0,0,0,0,0,0,0,0,0,0.122691,4.430195,5.741067,5.548043,6.40087,7.404156,9.684285,12.098212,16.104644,19.47576,25.728644,31.270123,29.252088,35.80145,40.120414,43.941901,49.083551,51.142886,60.293744,64.136993,68.55926,73.668697,75.331736,72.420534,91.220182,98.331497,106.538646,110.697052,99.825596,93.350961,99.039215,102.683825,113.96727
New Zealand,0.245432,0.480463,0.577909,0.599669,0.649049,1.832282,3.090039,3.027986,2.086903,1.854195,2.19687,3.884852,3.959376,4.330628,5.311851,4.615442,4.744343,4.914545,5.025067,6.584703,7.308023,7.734361,7.486152,6.960703,6.423944,7.434804,8.59562,7.400673,8.40916,8.711392,9.688627,8.991613,7.6199,6.536435,6.880272,6.835841,7.664685,6.887291,6.702194,7.457272,6.737032,7.003468,7.354121,7.51887,7.1201,6.86563,7.440411,6.415846
OECD Asia Oceania,12.854097,15.049251,21.342124,25.926059,28.572846,34.527586,42.723628,54.022381,61.479199,69.644694,73.77124,78.107827,81.710694,103.150261,110.980302,114.204137,122.052355,129.026085,136.114172,156.828531,164.847675,170.25661,176.709951,187.879619,197.99037,211.332206,223.039773,225.309196,243.621111,255.353282,261.983564,274.986522,276.748107,287.592448,291.33103,314.641034,344.669797,344.740027,343.309534,376.53088,417.36599,433.545663,446.587213,440.987212,423.635496,438.070023,440.905438,441.241735
Austria,5.421162,5.986549,6.518562,7.217445,7.137316,8.145652,8.25774,8.661257,8.751078,8.274301,7.811157,7.61364,7.652668,8.645605,9.490505,9.345648,9.783649,9.244011,9.958647,11.443356,12.091194,12.151781,12.610635,13.276952,14.520267,15.480386,14.906113,15.335732,15.606307,14.716422,15.829524,15.732533,16.959641,17.33246,18.244473,17.022392,16.074458,16.955942,16.507845,18.18919,17.223438,16.462684,15.880971,14.324604,15.358322,15.920174,17.481991,16.713548
Belgium,11.329704,14.403737,15.18618,17.928544,17.388453,18.993328,18.651713,18.527608,20.647482,19.62516,17.871895,14.5648,15.5849,16.152054,16.171543,14.433728,16.242178,15.777923,17.809792,18.342714,19.552858,19.80243,20.775221,21.248919,23.352383,26.136249,24.812553,27.667611,29.223864,29.509436,29.562652,30.408309,32.146125,32.662334,31.936844,33.038737,33.025812,32.92872,33.607053,36.788832,30.648743,31.631885,31.81582,27.882765,30.390814,31.15229,31.551908,32.70773
Czech Republic,1.865706,2.026063,2.225094,2.712878,3.105892,3.429028,3.89697,4.366628,4.899196,5.643368,5.661393,5.996899,7.035933,7.489232,9.173377,9.71675,10.624863,10.737506,11.059885,11.514547,11.338337,12.650219,12.804517,12.759833,14.602566,16.972517,17.456968,17.365581,17.582486,17.090108,18.396941,17.788638,18.039925,18.108894,17.873157,17.537399,16.588287,16.246823,15.288978,17.34387,15.817709,15.585253,15.823465,14.017185,14.730205,15.985437,16.48963,15.601523
Denmark,0,0.000454,0.000858,0.000505,0.000858,0.000606,0.001161,0.00101,0.00106,0.000959,0.045643,0.071999,0.120923,0.330154,1.479458,2.577262,3.344155,3.662545,3.920852,4.174665,4.739598,4.991543,5.664372,6.353056,7.3725,8.69978,9.171912,9.97637,10.497679,10.438707,10.870598,10.860096,10.990916,10.942495,10.513128,10.718875,9.591081,9.644297,9.249111,10.365546,8.756885,8.210482,7.739259,6.681519,6.78907,6.999492,6.797208,6.717946
Estonia,..,..,..,..,..,..,..,..,..,..,..,..,..,..,..,..,..,..,..,2.441646,2.48325,1.479862,0.753866,0.936034,1.090079,1.233319,1.195755,1.118606,1.091139,1.321525,1.418466,1.335259,1.457697,1.564988,1.602957,1.623506,1.623556,1.537168,1.203176,1.321222,1.182123,1.256191,1.142184,1.023028,0.9171,1.005912,0.953504,0.971478
Finland,0,0,0,0.906598,1.480619,1.732514,1.754629,1.907764,1.905896,1.723476,1.430331,1.283607,1.252606,1.492788,1.901705,2.331224,3.089937,3.306035,4.326135,5.063995,5.357797,5.559201,5.745762,6.336444,6.582786,6.886886,6.77697,7.7641,7.772178,7.958537,8.635153,8.574565,9.49116,9.14379,8.366345,8.942334,8.272584,8.458791,7.548457,8.34004,7.294189,6.450804,6.00417,5.383143,4.63478,4.065708,3.711671,4.245047
France,17.725625,21.920032,25.687595,27.682505,30.751894,34.498605,36.032239,38.474087,43.709344,44.186677,45.648463,44.332442,46.608935,48.73007,51.111178,52.045546,52.924628,51.340908,52.902615,53.352429,60.903108,61.460518,61.868174,61.45562,62.816376,69.666658,68.867249,70.658433,74.617454,77.915663,82.675658,83.140571,86.879658,88.652008,91.507521,89.608036,86.339617,89.407944,88.605557,94.56989,83.193892,86.195379,87.211107,72.726344,78.283794,85.885447,86.410272,82.277208
Germany,38.420972,50.028673,64.827646,80.376899,84.145372,89.626162,96.042078,103.133802,111.85075,111.263904,107.326088,99.92789,102.132232,102.832529,101.094007,103.039841,111.637177,111.092289,114.165816,115.22848,123.742861,122.654499,129.076776,135.438465,144.947903,162.33873,155.002785,156.190714,157.691731,155.872274,163.005854,162.823989,166.210707,166.9055,168.707942,172.110059,166.053027,172.995048,161.123789,176.726714,159.870174,161.116619,163.681764,147.328053,152.190088,166.954223,170.186949,171.148956
Greece,0,0,0,0,0,0,0,0,0,0,0,0.110977,0.100223,0.083914,0.043775,0.091942,0.092801,0.086944,0.100475,0.097446,0.103606,0.089923,0.08548,0.098506,0.094164,0.107342,0.302587,1.228927,2.511272,3.689405,3.790537,4.058941,4.46478,4.925855,5.216071,6.124336,7.491908,7.84034,6.264951,6.719108,8.204271,7.533259,6.796914,5.002145,5.396826,7.739057,8.83957,8.432263
Hungary,5.961001,6.578746,7.964999,8.962581,9.671107,11.484859,12.620582,13.872885,14.84507,16.235968,16.795448,17.704218,17.630704,18.079409,18.022961,19.262339,19.291168,19.024329,19.830806,19.054673,19.459654,16.832609,18.22179,18.391033,19.823687,22.330717,21.471983,21.502732,21.888778,21.180201,23.585495,24.059646,26.39183,25.633167,26.637867,25.228086,23.714244,23.502438,20.323689,21.385444,20.252245,17.928443,16.977212,15.515274,16.556125,17.727745,18.731083,18.052145
Iceland,0,0,0,0,0,0,0,0,0,0,0,0,0,0,0,0,0,0,0,0,0,0,0,0,0,0,0,0,0,0,0,0,0,0,0,0,0,0,0,0,0,0,0,0,0,0,0,0
Ireland,0,0,0,0,0,0,0,0,1.08609,1.724132,2.605991,3.883893,3.972048,4.184106,4.513301,2.202172,2.161982,2.763974,3.308559,3.310882,3.379871,3.358191,4.044612,4.02696,4.359458,5.145688,5.305792,5.429279,5.97738,7.105356,7.247688,7.660696,8.522812,8.449037,8.000104,9.096723,9.819725,10.239884,9.892129,10.816291,9.386173,9.128015,8.742224,8.420236,8.472262,9.693613,9.955063,10.334988
Italy,24.066109,27.836096,31.505003,35.388491,41.005756,49.792279,50.917398,45.218138,46.865928,46.350275,45.672648,46.401219,47.964995,56.183556,57.044207,60.721395,68.646052,74.793513,81.349185,87.07253,92.229982,90.748555,94.882676,92.037211,101.857415,105.571712,108.839274,117.641852,127.662905,133.154247,133.680757,133.102545,146.537329,151.6503,162.461017,159.202847,160.202751,160.828473,147.888139,157.378795,148.080102,142.213214,132.764768,117.261005,127.929593,134.234885,142.269752,137.63221
Latvia,..,..,..,..,..,..,..,..,..,..,..,..,..,..,..,..,..,..,..,5.582881,5.545013,3.96922,2.588926,1.886105,2.317037,1.976078,2.418674,2.368335,2.268769,2.52238,2.931298,3.001378,3.122958,3.099429,3.180012,3.288818,3.174559,3.112304,2.846577,3.418577,2.997894,2.816484,2.798761,2.507636,2.560954,2.589329,2.305542,2.71614
Lithuania,..,..,..,..,..,..,..,..,..,..,..,..,..,..,..,..,..,..,..,9.381799,9.623596,5.587375,3.074437,3.235803,3.524606,3.696777,3.499159,2.873992,2.974215,3.493706,3.53117,3.616246,4.004766,4.161588,4.566164,4.437415,4.332749,4.026325,3.887377,4.722381,4.1216,3.886266,3.292301,2.797398,2.643959,2.350815,2.174907,2.156175
Luxembourg,0.035696,0.265073,0.513483,0.688078,0.806376,0.921645,0.973447,1.066854,1.10664,0.996723,0.763358,0.639658,0.609919,0.65637,0.712363,0.709435,0.80582,0.833186,0.952241,1.008841,1.047213,1.091392,1.128654,1.142033,1.304914,1.429675,1.467643,1.481225,1.540501,1.576854,1.752912,2.505768,2.536517,2.80886,2.762805,2.889909,2.697485,2.567755,2.612887,2.810537,2.426077,2.477212,2.09915,1.990014,1.817288,1.676583,1.640585,1.61737
Netherlands,47.268233,61.443755,67.934245,72.359087,69.131615,72.072961,73.274572,73.304815,73.651732,67.014317,63.866922,62.214535,66.063135,68.56234,72.356361,72.265226,74.406204,66.79418,68.706641,68.999331,77.290748,75.175621,77.681945,74.546162,76.789332,85.959781,79.788842,78.942024,77.070057,77.100704,79.391991,78.691392,79.285406,81.161312,78.464995,75.633767,73.195454,76.994422,77.851541,87.180225,75.703292,72.27418,73.1218,63.305147,63.328458,65.508216,67.289692,66.00521
Norway,0,0,0,0.028527,0.408414,0.683635,0.964157,1.629363,1.527928,2.041008,1.997637,2.224286,2.652341,2.351925,2.770285,4.99644,3.484769,4.049248,4.22465,4.641344,4.537486,7.603542,8.680645,9.223109,8.130253,7.00882,9.211244,10.114359,11.172882,7.402187,8.118135,8.317874,8.928147,9.417799,9.255221,9.564473,9.846206,9.997626,11.000811,13.497391,12.398173,11.709035,11.70227,12.282602,12.633608,12.446997,12.679553,12.566817
Poland,10.30824,10.779514,10.682069,10.639808,11.473045,12.92337,13.961141,14.740202,14.97387,15.245001,14.725661,14.47311,14.594186,15.188603,15.601814,16.284742,16.314076,16.495841,16.155689,15.548194,14.287508,13.959172,14.073179,14.930043,15.428988,16.15781,17.22123,17.040577,17.24289,17.837915,18.839788,19.554019,20.768607,22.346925,23.178192,23.438417,23.611497,23.766855,23.764582,25.465389,25.394349,26.404149,26.4866,25.212333,26.137713,28.075217,29.614305,30.456961
Portugal,0,0,0,0,0,0,0,0,0,0,0,0,0,0,0,0,0,0,0,0,0,0,0,0,0,0,0.159599,1.434875,4.328912,4.607465,5.235561,6.342958,6.142361,7.714014,8.679887,8.328124,8.866296,9.597997,9.640258,10.474807,10.618805,8.999388,8.049823,7.628534,9.000979,9.632663,12.191815,11.205338
Slovak Republic,2.660066,2.888634,3.172488,3.867887,4.428125,4.888795,5.556121,6.225619,7.425868,4.93772,5.133167,5.353455,5.503763,6.243442,6.41223,6.87068,7.254403,7.1459,8.073401,11.730998,10.038472,11.121381,10.903113,10.694893,11.795675,12.482239,12.773162,12.93781,13.327694,13.186474,13.344052,12.517733,12.066808,11.486576,12.616391,11.523232,10.797539,10.794964,9.38907,10.881807,9.568915,9.150857,9.363269,7.592131,7.604753,7.769856,8.207756,7.962324
Slovenia,..,..,..,..,..,..,..,..,..,..,..,..,..,..,..,1.561113,1.631217,1.775988,1.693155,1.801837,1.707369,1.428413,1.421496,1.451032,1.534896,1.608965,1.625626,1.674097,1.716509,1.647236,1.712217,1.696817,1.84142,1.868938,1.885347,1.84657,1.840259,1.838038,1.740693,1.841168,1.72075,1.657688,1.614923,1.459868,1.548528,1.643197,1.722191,1.688829
Spain,0.688179,1.340308,1.933312,1.91352,1.82072,2.419128,2.330619,2.446695,2.968661,3.144921,3.740148,4.027839,4.306242,4.01446,4.547987,4.935145,5.590858,6.957623,8.662115,10.003836,10.862217,11.897868,12.27725,13.043031,16.903345,18.585571,24.798618,25.476143,29.627886,34.108772,37.155238,42.743067,48.499734,56.542337,66.825989,72.052461,73.40948,80.755272,72.095327,71.619509,66.514617,65.000775,59.075572,54.157392,56.364107,57.494679,62.310567,61.849038
Sweden,0,0,0,0,0,0,0,0,0,0,0,0,0,0,0.195144,0.477736,0.643848,0.821018,1.089927,1.255939,1.31269,1.494302,1.655365,1.661525,1.626889,1.666069,1.749328,1.819155,1.792092,1.648751,1.855911,1.870149,1.953105,1.875501,1.730242,1.752608,1.944218,1.657587,2.3493,3.02011,2.49673,2.216208,1.983197,1.694495,1.773209,1.690002,1.454959,1.527124
Switzerland,0.029537,0.144402,0.255783,0.527469,0.961077,1.072458,1.336117,1.451588,1.657082,1.907512,2.074129,2.211462,2.439677,2.740597,2.875406,2.950131,3.186929,3.224796,3.508045,3.797306,4.264913,4.483313,4.703948,4.638914,5.117485,5.543945,5.352263,5.513361,5.715666,5.686233,5.922077,5.813434,6.148044,6.345072,6.516503,6.336978,6.17091,6.580674,6.317295,7.060874,6.267485,6.873846,7.248378,6.29335,6.730776,7.077698,7.11415,6.755439
Turkey,0,0,0,0,0,0,0,0,0,0,0,0.077351,0.137282,0.077351,0.129608,0.884434,1.407005,2.367173,6.213602,6.292468,7.268338,7.738956,8.415017,9.402298,12.164203,14.927469,18.080873,19.613043,24.265797,28.903404,31.186512,33.622957,40.682621,42.891406,52.346719,60.647376,70.934259,70.16777,67.498163,73.272552,85.807957,86.891825,87.841695,93.260029,91.460515,87.413034,102.484843,93.034865
United Kingdom,21.675862,35.590047,46.167046,60.509336,67.562336,74.775286,79.022808,85.045507,91.779056,92.829198,93.825668,95.135682,97.475943,98.881131,105.763625,106.887128,111.527614,107.880721,102.320661,104.148955,114.389841,115.240194,127.999723,136.290484,144.548225,168.189057,172.552856,180.551483,192.673425,198.340877,200.003462,197.302499,198.622914,202.662215,197.289978,186.746303,188.414391,194.811776,181.082385,195.240185,162.677163,152.821365,151.771627,139.250915,142.999242,161.016902,156.840812,157.996544
OECD Europe,187.456092,241.232083,284.574363,331.710158,351.278975,387.460311,405.593492,420.073822,449.652731,443.14462,436.995747,428.248962,443.838655,462.919636,481.41084,493.028944,522.460116,518.399663,538.639739,575.291092,617.55752,612.57008,641.137579,654.504465,702.605432,779.80224,784.809058,813.720416,857.840468,878.014839,909.679647,917.142079,962.695988,990.3528,1020.365871,1018.739781,1018.032352,1047.255233,989.57914,1070.450454,978.623751,956.891506,941.029224,854.997145,888.253068,943.749171,981.410278,962.373216
Albania,0.248108,0.285521,0.374282,0.39983,0.59043,0.689744,0.689744,0.696964,0.724835,0.757199,0.757199,0.757199,0.757199,0.757199,0.757199,0.757199,0.757199,0.807689,0.656219,0.477282,0.277695,0.201152,0.16076,0.102343,0.054377,0.045138,0.035797,0.032415,0.031758,0.021155,0.01651,0.027467,0.025346,0.019439,0.021105,0.021105,0.033829,0.016914,0.017217,0.027012,0.028173,0.031052,0.034232,0.058316,0.064274,0.082126,0.087915,0.07589
Armenia,..,..,..,..,..,..,..,..,..,..,..,..,..,..,..,..,..,..,..,8.38341,8.264203,3.521728,1.524192,1.659606,2.686068,2.022276,2.750544,2.864752,2.334607,2.631337,2.68011,2.055751,2.286086,2.539243,3.144568,3.224494,3.860263,4.229497,3.309619,3.032581,3.723183,4.528347,4.381825,4.336683,4.274936,4.070692,4.287569,4.559645
Azerbaijan,..,..,..,..,..,..,..,..,..,..,..,..,..,..,..,..,..,..,..,32.227717,32.105934,19.788445,15.985386,15.366732,15.515224,10.859389,10.56791,9.764816,10.514795,10.415784,15.832402,16.088992,16.549309,17.218857,17.150241,18.89351,16.804082,19.663583,16.83579,16.101362,17.656757,19.353675,19.370084,20.678179,20.207108,20.347116,19.814674,20.562905
Belarus,..,..,..,..,..,..,..,..,..,..,..,..,..,..,..,..,..,..,..,24.661235,23.515263,31.769621,30.051951,26.698001,23.702833,25.711023,30.112287,29.267892,30.303391,30.890337,31.28421,31.86737,33.208888,36.204107,36.785246,37.163619,37.625703,38.546085,31.461733,39.456825,37.151905,36.477259,36.79696,36.33841,33.814617,33.731511,34.581712,36.769696
Bosnia and Herzegovina,..,..,..,..,..,..,..,..,..,..,..,..,..,..,..,..,..,..,..,0.932702,0.857623,0.80784,0.276332,0.330154,0.289106,0.485007,0.290974,0.33177,0.338283,0.462085,0.298648,0.28239,0.373828,0.590178,0.700448,0.736245,0.778051,0.771437,0.444766,0.467032,0.531458,0.489349,0.380392,0.355298,0.415634,0.432598,0.468093,0.465669
Bulgaria,0.580938,0.391398,0.394327,0.859239,2.281895,3.990881,5.092522,5.432775,5.812308,7.470803,8.126719,8.992875,9.449607,9.935422,10.83677,10.76154,12.001069,11.65804,12.00112,11.032772,9.869179,8.780312,7.294593,7.254555,9.171458,9.166157,7.888002,6.766266,5.708046,5.986549,5.392584,4.88824,5.08616,5.003156,5.653819,5.97423,6.132364,5.895061,4.560863,4.798317,5.427524,5.187595,4.96357,4.89233,5.106255,5.069145,5.218371,5.120126
Croatia,..,..,..,..,..,..,..,..,..,..,..,..,..,..,..,..,..,..,..,4.174564,3.67032,3.743228,4.246865,3.930293,3.416709,3.8743,4.015268,3.992649,3.94034,4.003958,4.393286,4.582876,4.455036,4.713645,4.531326,4.508,5.209659,4.972912,4.73894,5.075609,4.796751,4.232122,4.18966,3.544801,3.694201,3.940845,4.64125,4.287317
Cyprus,0,0,0,0,0,0,0,0,0,0,0,0,0,0,0,0,0,0,0,0,0,0,0,0,0,0,0,0,0,0,0,0,0,0,0,0,0,0,0,0,0,0,0,0,0,0,0,0
Georgia,..,..,..,..,..,..,..,..,..,..,..,..,..,..,..,..,..,..,..,10.696862,9.19847,9.151464,7.340993,3.609277,2.162941,1.819558,1.553223,1.586699,1.620679,2.238373,1.613105,1.139862,1.263866,1.531765,1.931899,2.46265,2.770285,2.17935,2.242968,2.082763,2.898732,3.392424,3.184475,3.75041,4.09148,3.88527,4.152237,4.04718
Gibraltar,0,0,0,0,0,0,0,0,0,0,0,0,0,0,0,0,0,0,0,0,0,0,0,0,0,0,0,0,0,0,0,0,0,0,0,0,0,0,0,0,0,0,0,0,0,0,0,0
Kazakhstan,..,..,..,..,..,..,..,..,..,..,..,..,..,..,..,..,..,..,..,24.940394,23.743781,34.858296,24.617611,18.97192,23.60877,18.31141,15.690171,15.701784,15.703753,15.32942,11.470773,15.836643,19.504186,22.156426,28.649086,34.758376,39.476616,47.942123,46.37557,53.770689,53.332435,53.670213,56.770299,28.14548,26.658163,29.11634,32.529039,32.002517
Kosovo,..,..,..,..,..,..,..,..,..,..,..,..,..,..,..,..,..,..,..,..,..,..,..,..,..,..,..,..,..,0,0,0,0,0,0,0,0,0,0,0,0,0,0,0,0,0,0,0
Kyrgyzstan,..,..,..,..,..,..,..,..,..,..,..,..,..,..,..,..,..,..,..,3.569492,3.586153,3.591859,2.674354,1.703583,1.739633,2.074584,1.706663,2.00415,1.181264,1.347578,1.377115,1.74554,1.440177,1.572713,1.235086,1.301834,1.320818,1.260685,0.501416,0.465972,0.562054,0.670861,0.561499,0.46991,0.504799,0.548069,0.564759,0.600667
Malta,0,0,0,0,0,0,0,0,0,0,0,0,0,0,0,0,0,0,0,0,0,0,0,0,0,0,0,0,0,0,0,0,0,0,0,0,0,0,0,0,0,0,0,0,0,0,0.544064,0.686741
Republic of Moldova,..,..,..,..,..,..,..,..,..,..,..,..,..,..,..,..,..,..,..,7.633078,7.691495,6.758793,6.741778,6.585108,6.465699,5.353051,5.662352,5.311043,5.217333,4.834518,5.110244,4.947969,5.157603,5.254343,5.466956,5.242478,5.205923,4.940699,4.931712,5.33033,5.204257,5.169267,3.946904,4.68113,4.88102,4.941255,4.537789,4.928566
Montenegro,..,..,..,..,..,..,..,..,..,..,..,..,..,..,..,..,..,..,..,..,..,..,..,..,..,..,..,..,..,..,..,..,..,..,0,0,0,0,0,0,0,0,0,0,0,0,0,0
Republic of North Macedonia,..,..,..,..,..,..,..,..,..,..,..,..,..,..,..,..,..,..,..,0,0,0,0,0,0,0,0,0.040796,0.077805,0.127083,0.169192,0.174897,0.156065,0.137333,0.147229,0.157075,0.199991,0.226953,0.150057,0.222711,0.257499,0.267951,0.30289,0.260175,0.261791,0.412503,0.531004,0.489147
Romania,52.344801,53.135676,56.14276,57.947928,62.95997,69.396687,73.512481,75.991742,73.23524,76.054299,79.916733,81.277641,80.936934,80.634196,74.974015,76.32028,74.94781,75.179509,75.426809,67.735617,55.895611,44.078073,41.781636,40.976321,42.349951,42.030855,35.876982,33.17809,29.52635,29.530037,28.299999,29.654444,32.101895,30.08583,28.719166,29.939964,26.769091,26.406422,22.142339,22.607655,22.880251,22.169099,21.092904,19.927898,19.833987,19.878721,20.970257,21.461736
Russian Federation,..,..,..,..,..,..,..,..,..,..,..,..,..,..,..,..,..,..,..,837.64349,863.288775,819.968606,793.13398,743.856396,709.590449,709.583784,678.842594,677.586958,689.351835,695.259317,701.923189,712.004376,745.697968,751.223543,753.814741,774.583903,787.150309,788.45598,747.573419,802.769592,826.590724,819.586044,813.748945,806.834693,765.439558,773.475395,795.699686,838.039826
Serbia,..,..,..,..,..,..,..,..,..,..,..,..,..,..,..,..,..,..,..,6.078188,5.877894,4.78216,2.980475,2.487996,2.84804,4.039755,4.46483,4.159063,3.006124,3.182031,3.528443,3.548639,3.710863,4.712888,3.964071,3.75787,4.604133,4.318007,3.081708,3.80634,3.927769,3.878591,4.102312,3.285435,3.539348,3.61271,4.11506,4.3082
Tajikistan,..,..,..,..,..,..,..,..,..,..,..,..,..,..,..,..,..,..,..,3.258524,3.259786,3.434128,2.729389,1.525303,1.198532,1.241196,1.479256,1.516467,1.527424,1.472894,1.180961,0.994603,1.08089,1.259069,1.26124,1.263058,1.269672,1.015152,0.454511,0.377564,0.380846,0.276483,0.00727,0.00616,0.007876,0.00616,0.002277,0.111492
Turkmenistan,..,..,..,..,..,..,..,..,..,..,..,..,..,..,..,..,..,..,..,28.7793,25.881376,12.948413,18.395728,24.986189,26.323466,21.284615,21.722565,20.564729,25.164065,25.607417,26.780047,27.16261,30.146822,31.695905,33.474567,34.908938,40.896042,41.12981,35.405557,40.730485,44.845269,46.253283,47.488218,48.182809,50.146769,50.146769,50.146769,50.146769
Ukraine,..,..,..,..,..,..,..,..,..,..,..,..,..,..,..,..,..,..,..,210.498162,213.671408,197.406307,184.328084,163.904778,156.941702,170.712294,152.01297,136.336077,147.89662,142.699534,142.738563,140.935009,149.20103,138.218092,136.142397,122.552206,115.67784,110.38043,86.125286,96.000828,97.528504,87.834121,82.260076,69.213762,54.663858,54.414538,53.292296,55.793671
Uzbekistan,..,..,..,..,..,..,..,..,..,..,..,..,..,..,..,..,..,..,..,75.940797,77.988167,78.488826,83.27038,79.784803,71.613502,72.593008,73.621085,89.108438,90.945617,97.177295,98.61828,101.365491,97.207892,99.641561,93.626687,100.725631,98.847959,103.667886,94.416552,103.878328,107.320433,92.923968,90.798136,84.707073,81.17767,85.451346,90.173086,88.548655
Former Soviet Union (if no detail),421.494052,440.9946,456.735872,483.519957,503.847989,540.986867,569.635601,601.463027,636.23494,677.897822,725.346002,782.423184,839.7368,909.499395,988.891435,1055.600843,1118.788624,1171.168108,1230.313509,..,..,..,..,..,..,..,..,..,..,..,..,..,..,..,..,..,..,..,..,..,..,..,..,..,..,..,..,..
Former Yugoslavia (if no detail),1.267201,1.601087,1.769676,2.028487,2.072262,2.221058,2.408729,3.105692,3.782711,4.950698,6.154676,7.967013,8.661961,9.761128,11.017424,11.488242,10.572656,10.763157,11.582964,..,..,..,..,..,..,..,..,..,..,..,..,..,..,..,..,..,..,..,..,..,..,..,..,..,..,..,..,..
Non-OECD Europe and Eurasia,475.9351,496.408282,515.416917,544.755441,571.752546,617.285237,651.339077,686.6902,719.790034,767.130821,820.301329,881.417912,939.542501,1010.58734,1086.476843,1154.928104,1217.067358,1269.576503,1329.980621,1358.663586,1368.643133,1284.079251,1227.534487,1143.733358,1099.67846,1101.2074,1048.293473,1040.114854,1064.390089,1073.216702,1082.707661,1099.303169,1148.65391,1153.778093,1156.419878,1182.175186,1194.63263,1206.018986,1104.770023,1201.001995,1235.044524,1206.391704,1194.380651,1139.668952,1078.783344,1093.563109,1126.357907,1173.006415
Algeria,2.380452,3.055301,3.520516,4.077421,4.649069,5.534158,6.222337,9.442892,13.085291,13.486384,16.584703,20.920127,23.932664,21.786687,21.813245,26.628073,26.119689,28.595011,28.197605,26.200069,28.251478,28.547652,30.192666,29.862765,31.255178,31.343132,32.90913,33.966289,35.517342,35.881729,36.604139,38.304137,42.225443,41.490006,44.958265,47.205727,48.462271,48.936019,51.67389,51.297739,55.849412,61.894378,63.257407,68.729765,72.60876,72.166922,75.485802,80.67335
Angola,0.084722,0.112239,0.128043,0.134,0.128043,0.111583,0.139251,0.139251,0.139251,0.151521,0.176665,0.176665,0.201808,0.227155,0.227155,0.252299,0.302839,0.307888,0.328185,1.036055,1.1128,1.093613,1.074427,1.074427,1.074427,1.074427,1.093613,1.1128,1.074427,1.093613,1.016869,1.151172,1.247103,1.438965,1.247103,1.304662,1.592455,1.304662,1.323848,1.419779,1.438965,1.458151,0.786634,0.594772,1.477337,1.534896,1.611641,1.650013
Benin,0,0,0,0,0,0,0,0,0,0,0,0,0,0,0,0,0,0,0,0,0,0,0,0,0,0,0,0,0,0,0,0,0,0,0,0,0,0,0,0,0,0,0.020953,0.057357,0.061143,0.003837,0.077069,0.037885
Botswana,0,0,0,0,0,0,0,0,0,0,0,0,0,0,0,0,0,0,0,0,0,0,0,0,0,0,0,0,0,0,0,0,0,0,0,0,0,0,0,0,0,0,0,0,0,0,0,0
Cameroon,0,0,0,0,0,0,0,0,0,0,0,0,0,0,0,0,0,0,0,0,0,0,0,0,0,0,0,0,0,0,0,0,0,0,0,0,0.563973,0.584927,0.48329,0.487531,0.34823,0.417855,0.593712,0.861814,0.957593,1.034187,1.149096,1.508233
Congo,0.004241,0.004342,0.004494,0.005402,0.004796,0.004393,0.002726,0.000454,0.000151,0,0.000151,0.000101,0.000151,0.000101,0.000101,0,0,0,0,0,0,0,0,0,0,0,0,0,0,0,0,0,0.032869,0.038675,0.044987,0.046754,0.041604,0.049834,0.107291,0.198072,0.28951,0.418714,0.433406,0.462791,1.008184,1.154605,1.21402,1.21402
Côte d'Ivoire,0,0,0,0,0,0,0,0,0,0,0,0,0,0,0,0,0,0,0,0,0,0,0,0,0.097648,0.878829,1.441691,1.776592,2.97578,2.97578,2.997995,3.038741,2.676576,2.629519,2.939477,2.887978,2.962905,3.11796,2.842234,3.115839,3.071609,3.350466,3.847591,3.879601,3.996738,3.561968,4.426884,3.830109
Dem. Rep. of Congo,0,0,0,0,0,0,0,0,0,0,0,0,0,0,0,0,0,0,0,0,0,0,0,0,0,0,0,0,0,0,0,0,0,0,0,0.023074,0.046148,0.046148,0.046148,0.046148,0.046148,0,0,0.004039,0.002322,0.000707,0.000743,0.000771
Equatorial Guinea,0.165052,0.137585,0.171161,0.08452,0.076089,0.13395,0.422652,0.952645,1.249173,2.773214,2.810172,2.863641,3.623415,4.860521,6.613483,8.084711,9.064268,9.934311,12.918371,13.389342,14.860065,15.998261,18.813079,19.899169,20.799759,21.5768,22.4114,22.823903,29.229822,29.774963,42.775885,42.654911,48.817014,47.102071,62.799412,66.537943,73.398171,74.777558,72.472841,73.805423,81.113043,82.028275,78.537246,74.964977,78.095812,86.884353,104.635493,107.387036
Egypt,..,..,..,..,..,..,..,..,..,..,0,0,0,0,0,0,0,0,0,0,0,0,0,0,0,0,0,0,0,0.013026,0.498892,1.843844,1.86505,2.480523,4.473111,5.43848,4.384703,5.836846,5.97125,6.040926,6.533759,6.820795,5.611963,4.501184,3.568128,2.615887,3.146537,4.301738
Eritrea,..,..,..,..,..,..,..,..,..,..,..,..,..,..,..,..,..,..,..,..,..,0,0,0,0,0,0,0,0,0,0,0,0,0,0,0,0,0,0,0,0,0,0,0,0,0,0,0
Ethiopia,0,0,0,0,0,0,0,0,0,0,0,0,0,0,0,0,0,0,0,0,0,0,0,0,0,0,0,0,0,0,0,0,0,0,0,0,0,0,0,0,0,0,0,0,0,0,0,0
Gabon,0,0,0,0,0,0,0,0,0,0.001414,0.050742,0.0515,0.073211,0.078057,0.099566,0.114259,0.11229,0.157781,0.166617,0.208978,0.213219,0.202616,0.215946,0.200849,0.263962,0.246593,0.25447,0.247856,0.248461,0.243362,0.251794,0.264012,0.279058,0.273353,0.287238,0.295619,0.318087,0.35651,0.473848,0.63375,0.713272,0.733317,0.606132,0.664448,0.720392,0.812334,0.999307,1.007251
Ghana,0,0,0,0,0,0,0,0,0,0,0,0,0,0,0,0,0,0,0,0,0,0,0,0,0,0,0,0,0,0,0,0,0,0,0,0,0,0,0.010552,0.831873,1.62603,0.822886,0.616483,1.309408,2.504557,1.104317,2.258084,2.956945
Kenya,0,0,0,0,0,0,0,0,0,0,0,0,0,0,0,0,0,0,0,0,0,0,0,0,0,0,0,0,0,0,0,0,0,0,0,0,0,0,0,0,0,0,0,0,0,0,0,0
Libya,2.113259,2.284218,1.982035,2.058073,2.504859,1.914833,2.258266,2.338545,2.186974,5.288323,3.566614,3.668351,4.286298,5.148869,6.214309,7.252939,6.139584,7.306913,9.192209,8.102635,7.764403,7.287727,7.113031,7.350334,6.982767,7.642166,7.931979,7.982469,5.357999,6.86866,7.354979,7.818175,8.148278,9.923608,8.407898,9.215536,9.374175,9.702815,8.667517,10.181813,9.086988,10.882513,12.62351,13.964777,14.449228,16.133777,16.823917,16.823185
Mauritius,0,0,0,0,0,0,0,0,0,0,0,0,0,0,0,0,0,0,0,0,0,0,0,0,0,0,0,0,0,0,0,0,0,0,0,0,0,0,0,0,0,0,0,0,0,0,0,0
Morocco,0.101434,0.109866,0.137383,0.15763,0.139453,0.155963,0.169899,0.160407,0.148542,0.130365,0.167374,0.155307,0.163991,0.163789,0.185096,0.179189,0.145613,0.148794,0.109917,0.101687,0.065082,0.042765,0.041806,0.040846,0.025851,0.032869,0.060588,0.066495,0.077502,0.089266,0.088307,0.085479,0.08245,0.119813,0.879839,1.110629,1.286637,1.113254,1.222969,1.338237,1.693536,2.506879,2.343847,2.363841,2.37717,2.418673,2.39937,2.164038
Mozambique,0,0,0,0,0,0,0,0,0,0,0,0,0,0,0,0,0,0,0,0,0,0.000303,0.000303,0.000303,0.000656,0.000656,0.000757,0.00106,0.001262,0.001969,0.002676,0.005099,0.005352,0.006008,0.041907,0.065284,0.07215,0.121277,0.152934,0.159347,0.187066,0.18651,0.326519,0.931086,1.513236,1.537673,1.433511,1.432723
Namibia,..,..,..,..,..,..,..,..,..,..,..,..,..,..,..,..,..,..,..,..,0,0,0,0,0,0,0,0,0,0,0,0,0,0,0,0,0,0,0,0,0,0,0,0,0,0,0,0
Niger,..,..,..,..,..,..,..,..,..,..,..,..,..,..,..,..,..,..,..,..,..,..,..,..,..,..,..,..,..,0,0,0,0,0,0,0,0,0,0,0,0,0,0,0,0,0,0,0
Nigeria,0.404475,0.541808,0.832631,0.776435,1.038074,1.324403,1.568674,1.824608,2.288005,2.908274,4.362437,4.998056,6.100151,5.899353,6.963631,6.267273,7.036943,6.97378,7.302873,6.91713,8.499991,8.93673,9.79506,9.447588,9.260725,9.385687,11.852578,12.028131,12.740041,14.669415,13.817801,14.666588,18.562093,18.602535,18.675544,19.796775,20.919471,19.949256,16.247985,19.275416,26.676492,27.081018,26.360526,29.260773,28.911029,27.93233,29.217363,31.102707
Senegal,0,0,0,0,0,0,0,0,0,0,0,0,0,0,0,0,0.000707,0.015601,0.017722,0.013077,0.010098,0.006261,0.029587,0.042058,0.108655,0.100172,0.055186,0.047208,0.014137,0.001313,0,0.007119,0.026608,0.031809,0.033576,0.02575,0.02373,0.02474,0.03605,0.049026,0.037969,0.054681,0.076694,0.074018,0.047763,0.04433,0.048007,0.025008
South Africa,0,0,0,0,0,0,0,0,0,0,0,0,0,0,0,0,0,0,0,0,0,0,0,0,0,0,0,0,0,0,0,0,0,0,0,0,0,0,0,1.929425,4.07525,4.055862,4.006382,3.992648,4.093325,3.975582,4.327063,4.504402
South Sudan,..,..,..,..,..,..,..,..,..,..,..,..,..,..,..,..,..,..,..,..,..,..,..,..,..,..,..,..,..,..,..,..,..,..,..,..,..,..,..,..,..,0,0,0,0,0,0,0
Sudan,0,0,0,0,0,0,0,0,0,0,0,0,0,0,0,0,0,0,0,0,0,0,0,0,0,0,0,0,0,0,0,0,0,0,0,0,0,0,0,0,0,0,0,0,0,0,0,0
United Rep. of Tanzania,0,0,0,0,0,0,0,0,0,0,0,0,0,0,0,0,0,0,0,0,0,0,0,0,0,0,0,0,0,0,0,0,0,0.230184,0.78522,0.972235,1.04898,1.074225,1.275983,1.504956,1.668543,1.908471,1.916803,1.786891,1.716761,1.633705,1.524204,1.461327
Togo,0,0,0,0,0,0,0,0,0,0,0,0,0,0,0,0,0,0,0,0,0,0,0,0,0,0,0,0,0,0,0,0,0,0,0,0,0,0,0,0,0,0,0,0.000505,0.046047,0.018429,0.074826,0.086338
Tunisia,0.002121,0.046047,0.264618,0.46683,0.489703,0.49874,0.534891,0.665004,0.767549,0.825461,0.910183,0.983494,1.008638,1.69606,2.171827,1.552163,2.583472,2.113259,2.212976,2.816989,1.999404,2.839709,2.778616,3.963162,4.585704,4.969074,5.211679,5.784387,6.098435,6.42874,7.139993,7.152413,7.172963,7.500088,7.772532,7.900877,8.413503,9.20781,9.550032,11.859344,11.53843,12.463557,12.378128,12.361012,11.820769,12.218526,12.621958,12.935654
Zambia,0,0,0,0,0,0,0,0,0,0,0,0,0,0,0,0,0,0,0,0,0,0,0,0,0,0,0,0,0,0,0,0,0,0,0,0,0,0,0,0,0,0,0,0,0,0,0,0
Zimbabwe,0,0,0,0,0,0,0,0,0,0,0,0,0,0,0,0,0,0,0,0,0,0,0,0,0,0,0,0,0,0,0,0,0,0,0,0,0,0,0,0,0,0,0,0,0,0,0,0
Other Africa,0,0,0,0,0,0,0,0,0,0,0,0,0,0,0,0,0,0,0,0.000303,0.000252,0.000303,0.000353,0.000353,0.000353,0.000353,0.000404,0.001666,0.002676,0.002726,0.001616,0.003383,0.003787,0.004392,0.004544,0.004847,0.005756,0.005958,0.006614,0.006463,0.008482,0.009896,0.010451,0.01343,0.017571,0.061042,0.043573,0.045817
Africa,5.255756,6.291406,7.040881,7.760311,9.030086,9.678023,11.318696,15.523806,19.864936,25.564956,28.629041,33.817242,39.390327,39.860592,44.288413,50.330906,51.505405,55.553338,60.446475,58.786265,62.776792,64.95594,70.054874,71.881854,74.455685,77.250758,83.223475,85.838856,93.337884,98.044562,112.550946,116.995073,131.144644,131.871549,153.350653,162.83217,172.914719,176.209799,172.565276,184.181107,206.002734,217.094224,214.354387,220.779137,229.993865,236.84808,263.518468,275.14855
Bangladesh,0.308746,0.308746,0.468295,0.628449,0.63375,0.650059,0.805416,0.975921,1.182123,1.486072,1.361412,1.721305,2.029143,2.149056,3.09842,3.427009,4.209452,4.694611,4.851079,5.383193,5.732584,6.203202,6.733447,7.454394,8.143936,8.595316,8.827369,9.800412,11.001115,11.745993,13.667997,15.015979,16.047136,17.608034,19.051947,22.300373,24.377279,27.852102,31.285725,35.794987,36.127514,38.460404,40.873776,43.035101,45.772316,50.879934,52.278018,52.32678
Brunei Darussalam,0.228669,0.23801,0.528731,0.957341,1.223373,1.620073,1.771139,1.640218,1.680105,2.149915,2.159053,2.190458,2.327538,2.38232,2.341171,2.341676,2.365406,2.449724,2.401203,2.523793,2.59458,2.677636,2.872326,3.086151,3.379043,3.439076,3.705663,3.05414,2.955028,3.233935,3.123766,3.09327,3.938422,3.624425,3.53228,5.760707,5.282112,5.49826,5.688304,5.140084,5.143113,4.9769,4.940598,4.807557,4.059648,4.508101,4.778575,5.178648
Cambodia,..,..,..,..,..,..,..,..,..,..,..,..,..,..,..,..,..,..,..,..,..,..,..,..,0,0,0,0,0,0,0,0,0,0,0,0,0,0,0,0,0,0,0,0,0,0,0,0
DPR of Korea,0,0,0,0,0,0,0,0,0,0,0,0,0,0,0,0,0,0,0,0,0,0,0,0,0,0,0,0,0,0,0,0,0,0,0,0,0,0,0,0,0,0,0,0,0,0,0,0
India,1.022776,1.117243,1.142538,1.240337,1.306732,1.419526,1.542773,1.943966,1.835867,1.820922,2.43281,3.534906,4.149016,5.099641,4.976951,7.465401,9.000145,8.074108,9.63637,14.183297,17.43859,18.846958,19.997221,21.18419,26.009419,27.216029,32.713834,36.218497,39.593804,40.949864,42.764727,46.816045,51.826773,52.78785,55.569294,55.917776,63.967901,52.517375,71.602091,74.71485,85.234643,70.858524,59.543867,59.894672,63.270887,71.942746,80.896572,83.428772
Indonesia,0.101788,0.147179,0.176109,0.438304,0.516866,0.625066,1.132945,2.317441,4.110492,5.448376,6.108936,6.433436,6.970548,8.256125,8.69564,10.130263,10.67914,11.750437,10.468142,24.337392,27.564258,29.678628,31.437397,41.349694,47.354621,48.502865,53.199697,60.05326,56.353,45.445796,51.572859,54.815428,57.887694,54.633563,50.901443,66.381727,51.331315,56.75793,69.268594,71.29799,71.58245,73.773615,76.209656,78.105304,77.84937,75.503453,73.479017,82.37542
Lao People's Democratic Republic,..,..,..,..,..,..,..,..,..,..,..,..,..,..,..,..,..,..,..,..,..,..,..,..,..,..,..,..,..,0,0,0,0,0,0,0,0,0,0,0,0,0,0,0,0,0,0,0
Malaysia,0.014794,0.020953,0.021155,0.04332,0.052207,0.062557,0.055993,0.122186,0.133899,0.15975,0.17621,0.190246,0.845607,1.878985,4.594186,4.758683,5.30352,5.813267,5.996445,6.766972,14.139775,15.333005,19.295359,21.688838,24.124526,28.939555,31.828543,35.590906,42.603866,48.466714,49.32363,49.514584,51.699993,56.05011,63.928772,69.098746,71.813088,80.702711,63.589328,63.086245,58.600057,57.839072,66.117312,72.768056,70.554776,62.903278,47.969941,61.88618
Mongolia,..,..,..,..,..,..,..,..,..,..,..,..,..,..,0,0,0,0,0,0,0,0,0,0,0,0,0,0,0,0,0,0,0,0,0,0,0,0,0,0,0,0,0,0,0,0,0,0
Myanmar,0.115572,0.178634,0.178179,0.183228,0.319703,0.440677,0.406697,0.476878,0.489551,0.595378,0.736397,0.861056,0.900338,1.208377,1.64456,1.838795,1.892214,1.910844,1.848641,1.584124,1.57448,1.536461,1.863737,2.388429,2.679353,2.945688,3.201369,3.052474,2.863237,2.617755,2.197123,2.259731,2.907113,3.135328,3.005569,2.86041,2.834105,2.922311,2.380452,2.95215,2.978001,3.38692,3.884903,5.593484,6.580968,8.199374,8.367324,8.739735
Nepal,0,0,0,0,0,0,0,0,0,0,0,0,0,0,0,0,0,0,0,0,0,0,0,0,0,0,0,0,0,0,0,0,0,0,0,0,0,0,0,0,0,0,0,0,0,0,0,0
Pakistan,4.882282,4.981394,5.766715,6.664932,7.23764,7.264501,7.789294,8.273291,8.702052,8.947787,9.787789,10.111935,10.058365,10.031504,10.77603,11.19848,15.356786,15.888849,18.447632,17.888102,19.340548,21.843388,22.880604,23.53556,25.57066,24.889904,25.473315,26.287316,30.085274,30.877816,33.205203,35.907074,44.942361,50.358019,52.619264,52.811227,55.201222,54.674359,54.506076,52.487132,54.775692,55.399345,51.456328,50.76719,54.163299,57.713958,61.921837,65.636869
Philippines,0,0,0,0,0,0,0,0,0,0,0,0,0,0,0,0,0,0,0,0,0,0,0,0.010653,0.0103,0.017369,0.010603,0.018025,0.013834,0.020549,0.287944,3.56217,5.463472,5.056523,6.697498,6.00422,7.231935,7.253898,7.547195,7.165288,7.73628,7.416375,6.831095,7.184222,6.753795,7.737946,7.633153,8.521858
Singapore,0.046905,0.050742,0.054731,0.063617,0.069777,0.08139,0.086237,0.097244,0.104363,0.10921,0.111179,0.112845,0.112391,0.113451,0.10714,0.109008,0.107948,0.121529,0.129305,0.146724,0.155156,1.107902,2.976537,3.105034,3.167591,3.143104,3.156281,3.589536,2.913727,2.87591,4.427771,7.020029,10.572354,12.597558,12.026567,12.953108,13.600744,13.921607,13.924284,15.020927,15.513759,16.647159,18.852714,19.944762,20.10426,20.582097,20.848861,21.043736
Sri Lanka,0,0,0,0,0,0,0,0,0,0,0,0,0,0,0,0,0,0,0,0,0,0,0,0,0,0,0,0,0,0,0,0,0,0,0,0,0,0,0,0,0,0,0,0,0,0,0,0
Chinese Taipei,1.563625,1.818903,2.192781,2.210149,2.163446,2.672032,2.598468,2.18556,2.060396,3.322242,2.908779,1.405793,1.406702,1.525303,1.474055,1.357929,1.390697,1.527625,1.689345,3.043134,5.079849,5.276862,5.114991,6.974386,7.388353,7.738249,8.970457,11.353586,11.361108,12.878586,14.246208,16.343764,16.511139,19.596634,19.032559,19.451828,21.264722,23.076505,22.267201,27.903601,30.431485,31.719736,32.411096,34.062624,36.597424,38.354426,42.131029,42.677509
Thailand,0,0,0,0,0,0,0,0,0,0,0.563014,2.46881,2.952049,4.44928,6.882241,6.647362,9.295563,11.011818,10.915635,11.736703,14.522792,15.559604,17.457675,19.433803,20.477835,24.04359,29.399519,32.113609,34.964375,40.816469,47.665236,51.487985,54.01501,57.294588,60.930524,62.719991,66.54789,72.736551,65.429486,74.764128,68.327208,79.336502,83.679046,83.2261,84.472951,82.79951,77.705088,79.153153
Viet Nam,0,0,0,0,0,0,0,0,0,0,0.020499,0.040897,0.137636,0.11951,0.076038,0.07725,0.077098,0.057912,0.0155,0.006362,0.059225,0.040796,0.048622,0.052863,0.437597,0.642637,1.171115,1.946894,2.21535,2.629671,2.633962,5.434845,6.361387,8.561337,11.019847,12.029697,12.81926,14.934993,16.678816,19.081433,17.757283,19.384979,20.019184,21.430884,20.610674,20.568162,18.347541,18.486145
Other Asia,0.455167,0.309706,0.345453,0.414624,0.491874,0.310109,0.527974,0.310109,0.398972,0.211957,0.330154,0.422803,0.649655,0.973245,1.243316,1.251142,0.416038,0.458853,0.502325,0.574526,0.559783,0.524591,0.516563,0.514089,0.506314,0.563064,0.501871,0.513433,0.488996,0.482482,0.505556,0.852473,0.757148,0.493085,0.641475,0.622945,0.584927,0.766034,0.770074,0.88302,0.772699,0.581544,0.57079,0.989756,1.169045,1.345357,1.698795,1.702359
Asia (excl. China),8.740324,9.17151,10.874687,12.844301,14.015368,15.14599,16.716936,18.342814,20.69782,24.251609,26.696232,29.49449,32.538988,38.186797,45.909748,50.602998,60.094007,63.759577,66.901622,88.174322,108.76162,118.629033,131.194479,150.778084,169.249548,180.676446,202.159636,223.592088,237.412714,243.04154,265.621982,292.123377,322.930002,341.797054,358.957039,388.912755,396.8565,413.614636,424.937626,450.291835,454.980184,459.781075,465.390365,481.809712,491.959413,503.038342,498.055751,531.157164
People's Rep. of China,7.359675,9.524938,11.766745,14.813412,17.4139,19.872258,23.844054,26.950704,28.499586,28.105107,25.043646,23.494259,24.040409,24.896821,16.216429,17.265965,18.076935,17.882245,19.092238,19.813589,19.931382,20.894631,25.101153,23.939278,26.841393,25.828614,29.979498,28.998376,31.664349,35.821948,42.130623,43.347483,52.452092,63.800981,71.475361,94.061001,117.33159,135.199396,151.157871,224.685297,232.587386,258.217422,299.49123,329.231001,348.839247,379.311023,441.132491,519.177708
"Hong Kong, China",0.052207,0.057306,0.064476,0.074624,0.081339,0.095275,0.104817,0.126376,0.152328,0.177927,0.203727,0.245381,0.299002,0.348482,0.402557,0.456228,0.533831,0.617897,0.690249,0.760177,0.819857,0.919271,0.969256,1.046506,1.17157,5.104084,7.36427,6.985342,7.616215,7.073901,7.152666,6.866135,4.913636,6.498972,6.517047,6.787068,6.070817,6.857148,6.482108,7.959344,6.49776,6.038856,5.731019,5.522849,6.843919,7.000893,6.966871,6.756963
"China (incl. Hong Kong, China)",7.411882,9.582244,11.831221,14.888036,17.495239,19.967533,23.948871,27.07708,28.651914,28.283034,25.247373,23.73964,24.339411,25.245303,16.618986,17.722193,18.610766,18.500142,19.782487,20.573766,20.751239,21.813902,26.070409,24.985784,28.012963,30.932698,37.343768,35.983718,39.280564,42.895849,49.283289,50.213618,57.365728,70.299953,77.992408,100.848069,123.402407,142.056544,157.639979,232.644641,239.085146,264.256278,305.222249,334.75385,355.683166,386.311916,448.099362,525.934671
Argentina,11.176718,13.886719,14.175522,15.622969,16.815846,17.588191,18.15686,17.168266,19.164085,21.236902,22.076854,24.30629,28.050729,30.02403,30.548571,33.569892,33.801288,39.581333,43.330417,39.503073,40.99071,41.956736,45.183804,47.025628,49.577343,55.141643,56.691686,61.935982,67.808827,70.364076,68.501096,66.231066,73.239128,79.254406,83.042771,85.09832,85.165624,85.736968,83.917207,83.820671,88.690179,91.069823,93.515659,93.184495,95.331128,96.096102,96.992924,96.871499
Bolivia,0.095477,0.165607,0.17727,0.216249,0.290267,0.352622,0.413008,0.471425,0.487027,0.561045,0.664347,0.656521,0.687674,0.699387,0.843536,0.870852,0.999399,1.0871,1.303298,1.476731,1.599523,1.829404,1.917055,2.252106,2.462549,2.327337,2.556511,2.654007,2.240544,2.32148,2.522733,2.642192,3.063885,3.161937,3.621042,4.10726,4.537688,5.0799,5.606056,6.318723,7.001196,7.296714,7.736128,8.615058,8.576332,9.463846,9.558503,9.619123
Brazil,0.505506,0.543323,0.557309,0.949313,1.024442,1.079274,1.384637,1.36939,1.438662,1.60548,1.690405,2.182279,2.485067,2.916555,3.83628,4.534305,5.114738,5.148263,5.314779,5.813419,5.735866,6.318873,7.053705,7.005891,7.750164,9.39528,10.420277,10.863529,12.741101,16.832003,22.127748,27.552393,28.947179,35.552129,38.137218,39.641517,40.875291,49.515644,39.280211,51.266889,50.648589,60.346456,72.33889,79.858468,78.837357,66.162146,70.632147,68.358191
Colombia,2.626389,3.208185,3.324261,3.458716,3.260088,3.474621,3.88869,4.816898,5.194714,5.729908,6.186943,6.670991,7.383607,7.332309,7.357857,7.486809,7.601017,7.629695,7.282476,7.557242,7.792122,7.667563,7.960607,7.875733,8.375786,9.108952,11.459211,13.306387,11.493342,12.817795,13.579992,13.529603,13.021775,13.700108,14.375462,14.406008,14.257921,15.28504,17.482263,18.517713,17.494331,18.144188,18.735526,19.230278,19.815457,20.686914,18.932038,19.684871
Costa Rica,0,0,0,0,0,0,0,0,0,0,0,0,0,0,0,0,0,0,0,0,0,0,0,0,0,0,0,0,0,0,0,0,0,0,0,0,0,0,0,0,0,0,0,0,0,0,0,0
Cuba,0.076442,0.07932,0.081188,0.14324,0.209029,0.273403,0.185601,0.213118,0.12567,0.140665,0.143897,0.129254,0.133293,0.153389,0.134758,0.147027,0.13395,0.140261,0.139504,0.146118,0.134505,0.146775,0.147178,0.155408,0.171464,0.165203,0.164749,0.324802,0.953655,1.121181,1.161724,1.140973,1.282295,1.368481,1.439167,2.089478,2.324761,2.204949,2.194295,2.037524,1.946036,1.966535,2.027678,2.275282,2.356217,2.245946,1.993994,1.841438
Curaçao,0,0,0,0,0,0,0,0,0,0,0,0,0,0,0,0,0,0,0,0,0,0,0,0,0,0,0,0,0,0,0,0,0,0,0,0,0,0,0,0,0,0,0,0,0,0,0,0
Dominican Republic,0,0,0,0,0,0,0,0,0,0,0,0,0,0,0,0,0,0,0,0,0,0,0,0,0,0,0,0,0,0,0,0,0.512776,0.294559,0.407252,0.667427,0.969913,1.010254,0.982131,1.58584,1.826627,2.165617,2.214996,2.179855,2.201919,2.078118,2.383103,2.375825
Ecuador,0,0,0,0,0,0,0,0,0,0,0,0,0,0,0,0,0,0,0,0,0,0,0,0,0,0,0,0,0,0,0,0.253914,0.4431,0.562509,0.65329,0.78103,0.91291,0.798853,0.958957,0.995612,0.88307,1.216506,1.376913,1.42715,1.319405,1.418163,1.276671,1.104571
El Salvador,0,0,0,0,0,0,0,0,0,0,0,0,0,0,0,0,0,0,0,0,0,0,0,0,0,0,0,0,0,0,0,0,0,0,0,0,0,0,0,0,0,0,0,0,0,0,0,0
Guatemala,0,0,0,0,0,0,0,0,0,0,0,0,0,0,0,0,0,0,0,0,0,0,0,0,0,0,0,0,0,0,0,0,0,0,0,0,0,0,0,0,0,0,0,0,0,0,0,0
Haiti,0,0,0,0,0,0,0,0,0,0,0,0,0,0,0,0,0,0,0,0,0,0,0,0,0,0,0,0,0,0,0,0,0,0,0,0,0,0,0,0,0,0,0,0,0,0,0,0
Honduras,0,0,0,0,0,0,0,0,0,0,0,0,0,0,0,0,0,0,0,0,0,0,0,0,0,0,0,0,0,0,0,0,0,0,0,0,0,0,0,0,0,0,0,0,0,0,0,0
Jamaica,0,0,0,0,0,0,0,0,0,0,0,0,0,0,0,0,0,0,0,0,0,0,0,0,0,0,0,0,0,0,0,0,0,0,0,0,0,0,0,0,0,0,0,0,0,0.033677,0.165578,0.191327
Nicaragua,0,0,0,0,0,0,0,0,0,0,0,0,0,0,0,0,0,0,0,0,0,0,0,0,0,0,0,0,0,0,0,0,0,0,0,0,0,0,0,0,0,0,0,0,0,0,0,0
Panama,0,0,0,0,0,0,0,0,0,0,0,0,0,0,0,0,0,0,0,0,0,0,0,0,0,0,0,0,0,0,0,0,0,0,0,0,0,0,0,0,0,0,0,0,0,0,0,0.521598
Paraguay,0,0,0,0,0,0,0,0,0,0,0,0,0,0,0,0,0,0,0,0,0,0,0,0,0,0,0,0,0,0,0,0,0,0,0,0,0,0,0,0,0,0,0,0,0,0,0,0
Peru,0.640062,0.669649,0.705547,0.741496,0.830257,0.978143,0.897864,0.954867,1.024543,1.049687,1.316072,1.400593,0.741496,1.13345,1.326625,1.316072,1.189292,1.233673,1.041508,1.047819,0.916848,0.766842,0.564074,0.360751,0.585179,1.018737,0.742052,0.880243,1.158897,1.124059,1.221101,1.342529,1.485466,2.286692,3.918276,4.359206,6.101666,7.618487,9.628089,12.909586,15.156442,15.560614,14.632861,18.346551,17.951063,18.895428,16.639416,16.920865
Suriname,..,..,..,..,..,..,..,..,..,..,..,..,..,..,..,..,..,..,..,..,..,..,..,..,..,..,..,..,..,0,0.00727,0.006968,0.006665,0.006362,0.006766,0.007422,0.008432,0.009139,0.009088,0.008987,0.008432,0.008583,0.009038,0.009139,0.008482,0.009038,0.009926,0.010796
Trinidad and Tobago,2.797752,2.866873,2.689602,2.47502,2.256348,2.576505,2.882676,3.062774,3.243882,3.892375,4.888442,4.586865,4.453925,4.489268,4.463922,4.554198,4.941911,5.577782,5.568038,5.844824,5.584901,5.768583,5.805845,5.879459,6.012299,6.242887,6.745161,6.996905,6.990391,7.432633,8.816211,9.88887,12.287095,12.99143,13.467955,15.743842,15.849871,15.325684,14.418733,16.74314,17.432884,16.7287,17.408902,16.950907,16.194971,13.701825,13.606952,13.776647
Uruguay,0,0,0,0,0,0,0,0,0,0,0,0,0,0,0,0,0,0,0,0,0,0,0,0,0,0,0,0.004241,0.045996,0.071898,0.06695,0.045138,0.106837,0.19161,0.184137,0.212614,0.197769,0.175907,0.127083,0.149804,0.166062,0.118399,0.111583,0.105372,0.107291,0.120065,0.137404,0.128479
Venezuela,16.908243,17.170135,20.376199,20.961226,19.697411,20.726448,22.609422,22.475825,25.716274,26.479935,26.084497,27.842862,27.721888,31.46249,31.227762,31.603357,32.059837,31.320865,34.635988,37.583747,39.442839,39.864177,41.735993,43.626339,47.349875,54.722577,54.86299,56.508307,49.593298,51.726096,48.165037,49.082743,52.468501,51.733165,53.608313,47.987665,44.54036,48.871695,47.720068,47.958785,43.532882,46.740916,46.075962,45.548291,46.952317,46.39824,46.624022,43.017202
Other Non-OECD Americas,0.0052,0.006109,0,0,0,0.00823,0.00929,0.018883,0.023023,0.026154,0.015854,0.017217,0.02161,0.038372,0.050137,0.040745,0.027769,0.045845,0.051146,0.046652,0.03711,0.033071,0.041654,0.037665,0.045643,0.055387,0.044078,0.070736,0.090226,0.742304,1.285829,1.279821,1.47966,1.368885,1.370097,1.426595,1.480468,1.630322,1.528585,1.551457,1.483245,2.718533,3.113314,3.098268,2.952706,3.362179,2.785777,2.705831
Non-OECD Americas,34.831789,38.59592,42.086898,44.568229,44.383688,47.057437,50.428048,50.551446,56.41788,60.722151,63.067311,67.792872,71.679289,78.24925,79.789448,84.123257,85.869201,91.764817,98.667154,99.019625,102.234424,104.352024,110.409915,114.21898,122.330302,138.178003,143.686715,153.545139,153.116277,164.553525,167.455691,172.99621,188.344362,202.472273,214.231746,216.528384,217.222674,233.262842,223.852766,243.864731,246.269975,264.081584,279.29745,290.829114,292.604645,280.671687,281.738455,277.128263
Bahrain,1.78361,2.2257,3.155322,3.889901,4.088529,4.409494,4.756107,5.103781,5.590657,5.713852,6.088286,6.608384,6.927733,7.018009,7.497765,7.995344,7.826859,8.273241,8.379724,8.711444,8.267636,10.020094,10.764619,11.084625,11.20671,11.768209,11.875298,12.821279,13.04904,13.418424,13.904492,14.527034,15.044,14.733234,17.094046,18.155952,18.770465,20.561396,20.873475,21.715143,21.950679,22.226304,24.375158,25.694159,25.683001,25.205315,25.31532,25.524433
Islamic Rep. of Iran,5.514922,6.306958,7.539015,8.00837,8.096375,9.064419,9.299097,7.186999,9.621778,8.565729,9.328431,12.76059,14.579341,16.984785,16.896782,16.222084,20.446279,21.26765,29.070677,33.785687,45.890513,49.329942,55.085953,68.319938,76.25636,75.372078,84.784928,92.192771,110.436221,118.028605,124.244277,141.084813,155.794519,176.506577,189.660484,208.267665,234.025795,246.496825,258.479769,274.300961,279.37253,279.150778,282.38845,319.303506,342.52512,365.543662,380.33584,382.744666
Iraq,1.784316,1.803503,2.32153,2.283158,3.165723,4.048288,3.069792,3.261654,4.278523,2.457752,1.189544,1.304662,0.901751,1.131986,1.630827,1.726758,1.91862,4.79655,5.468067,3.798867,3.338399,4.355267,4.892481,6.082026,6.082026,6.216329,5.851791,5.659929,6.101212,6.043653,5.295391,4.527943,2.993047,1.91862,3.491888,4.952211,4.517088,6.356085,9.065479,9.839946,12.550198,12.253469,12.159456,12.449016,12.807344,14.121245,20.515779,25.872274
Jordan,0,0,0,0,0,0,0,0,0,0,0,0,0,0,0,0,0,0,0.120065,0.238515,0.23079,0.251188,0.295518,0.493237,0.509696,0.49561,0.523783,0.530852,0.507323,0.516715,0.502628,0.442646,1.049889,2.802094,3.24368,4.695217,5.627716,6.334677,7.234308,5.362291,1.994103,1.588011,2.126588,0.709082,4.518401,7.93213,7.847105,7.99107
Kuwait,9.973693,10.852472,11.643347,11.028228,9.929818,10.716452,11.461836,12.010107,16.524923,13.228834,10.233768,7.923699,9.183424,9.933503,9.711449,12.240796,14.447209,19.071083,22.562971,11.566098,1.599321,9.417092,16.684774,17.800704,17.800956,17.847003,17.785607,18.209622,16.668971,18.418752,18.22689,16.71118,19.1862,20.912958,23.599026,23.810074,23.138557,24.366474,23.750597,27.864118,32.60311,34.851732,35.477606,35.185168,40.09724,42.691214,43.421683,43.586788
Lebanon,0,0,0,0,0,0,0,0,0,0,0,0,0,0,0,0,0,0,0,0,0,0,0,0,0,0,0,0,0,0,0,0,0,0,0,0,0,0,0.097496,0.498185,0,0,0,0,0,0,0,0
Oman,0,0,0,0,0,0,0,0.302385,0.587754,0.733468,0.907507,1.053827,1.329149,1.880046,2.139312,2.632347,2.899489,3.036973,3.129976,4.943072,5.012041,4.808163,5.242125,5.502249,6.759955,7.386536,8.532305,8.895985,9.426332,11.713831,13.297299,13.515972,14.064949,14.128415,14.797761,21.937249,23.641387,24.2713,27.731633,31.074625,35.059902,39.253552,40.429413,42.282447,45.555461,45.963471,46.445556,50.021458
Qatar,1.937806,2.110482,3.03142,2.494206,4.24015,2.601295,2.867378,2.642899,5.009315,5.567633,7.111668,7.558252,8.019428,9.12122,9.087342,9.774309,9.981722,10.313744,10.834397,10.535799,11.943309,12.564992,13.186675,13.808359,14.430042,15.051776,16.415814,17.50559,19.900583,18.491609,19.426684,20.718269,22.673191,25.314171,26.635091,30.805868,33.328853,34.615035,37.018056,43.030153,51.702215,56.252121,58.116313,60.906188,64.891566,65.762215,67.077764,67.585892
Saudi Arabia,2.70374,3.064339,3.607056,4.564296,5.431613,6.873406,8.283642,10.556197,12.767507,20.931892,23.120027,25.528905,23.988657,26.544259,28.823226,30.100573,32.231503,34.77837,38.078447,43.209595,44.268319,49.156256,50.945622,55.016782,54.655274,56.499976,58.233803,61.153488,60.748356,66.775196,69.787985,82.196004,84.657997,92.19782,100.588703,105.662796,107.845176,118.871283,112.506968,129.96535,132.467836,144.599977,146.07893,151.912646,156.222371,162.30268,171.138872,173.363897
Syrian Arab Republic ,0,0,0,0,0,0.063415,0.070585,0.068061,0.070181,0.094467,0.095325,0.099465,0.150965,0.254975,0.30294,0.765984,0.754169,1.784013,2.92019,3.215557,3.197734,3.326685,2.927512,3.173397,4.001635,4.345775,5.882136,6.863005,6.879313,7.405318,8.684229,9.128945,9.979247,9.15621,8.921886,9.433703,8.554723,8.837871,12.150923,15.718194,13.560099,10.954765,9.001559,8.322166,7.303126,6.369011,6.28409,6.250122
United Arab Emirates,2.057467,2.043532,2.463003,2.360508,3.268723,3.820074,6.655592,7.896131,8.58532,9.688021,12.228173,12.838597,11.716204,16.10732,19.927393,24.200362,27.606922,27.92198,34.00653,33.29765,40.09108,36.920813,38.67332,44.713439,48.788992,53.436091,57.078945,58.890526,60.862161,58.837007,70.218463,70.070527,72.157784,77.925761,82.239071,84.302901,93.196361,112.783502,112.216348,115.387524,119.387745,125.395298,127.829875,125.598066,140.602028,141.458591,142.852315,139.865097
Yemen,0,0,0,0,0,0,0,0,0,0,0,0,0,0,0,0,0,0,0,0,0,0,0,0,0,0,0,0,0,0,0,0,0,0,0,0,0,0,0.728823,1.923366,1.885246,2.227972,2.793511,2.881262,1.665009,1.012072,0.607228,0.202409
Middle East,25.755554,28.406986,33.760693,34.628667,38.220931,41.596843,46.464029,49.028214,63.035958,66.981648,70.302729,75.676381,76.796652,88.976103,96.017036,105.658557,118.112772,131.243604,154.571044,153.302284,163.839142,180.150492,198.698599,225.994756,240.491646,248.419383,266.96441,282.723047,304.579512,319.64911,343.588338,372.923333,397.600823,435.59586,470.271636,512.023636,552.646121,603.494448,621.853875,676.679856,702.533663,728.753979,740.776859,785.243706,841.870667,878.361606,911.841552,923.008106
IEA/Accession/Association,1494.411199,1576.139364,1625.355802,1643.716032,1575.390343,1642.701136,1658.166276,1694.639748,1781.890203,1773.866583,1745.737795,1675.395686,1634.143383,1748.37807,1743.274188,1696.726598,1790.621335,1854.284581,1931.582748,1964.151812,2046.587198,2090.935799,2182.43263,2251.785823,2373.172954,2505.806222,2585.742517,2616.842261,2696.205648,2797.449045,2807.229657,2905.299844,2967.023771,3030.526204,3060.714679,3116.464955,3255.492222,3318.046178,3257.189608,3548.858174,3554.221447,3655.28578,3724.452731,3705.796425,3795.389369,3892.80085,3976.99067,4236.247635
European Union - 28,..,..,..,..,..,..,..,..,..,..,..,..,..,..,..,..,..,..,..,643.502927,670.921893,649.345882,672.661063,683.401313,732.131609,807.393318,799.94493,822.416658,855.860859,875.543559,902.538792,908.513374,948.580267,971.501154,991.151739,982.613148,969.192091,997.783558,936.205013,1009.101218,907.254662,883.005616,864.483015,771.526193,806.062612,865.700153,890.505674,881.572015
G7,1374.571821,1430.316011,1463.039693,1464.309918,1392.23282,1444.304468,1445.810636,1466.099537,1534.602298,1528.111963,1500.078146,1419.778752,1368.690594,1469.005743,1454.747973,1402.929176,1478.58824,1541.03821,1602.277076,1585.328469,1643.657718,1678.128344,1746.202305,1793.716289,1876.343758,1964.34026,2006.213682,2005.265026,2054.529229,2124.931942,2079.594834,2127.530006,2132.17028,2142.948982,2137.020951,2124.833962,2222.412082,2238.424882,2165.043819,2289.106167,2287.257944,2345.398703,2373.521992,2354.677969,2412.651488,2468.671682,2442.627249,2607.585605
G8,..,..,..,..,..,..,..,..,..,..,..,..,..,..,..,..,..,..,..,2422.971959,2506.946493,2498.09695,2539.336285,2537.572685,2585.934207,2673.924044,2685.056276,2682.851984,2743.881064,2820.191259,2781.518023,2839.534382,2877.868248,2894.172525,2890.835692,2899.417865,3009.562391,3026.880862,2912.617238,3091.875759,3113.848668,3164.984747,3187.270937,3161.512662,3178.091046,3242.147077,3238.326935,3445.625431
G20,..,..,..,..,..,..,..,..,..,..,..,..,..,..,..,..,..,..,..,2947.647783,3040.776726,3027.369028,3087.738782,3109.853181,3202.597157,3342.568972,3380.997713,3410.408887,3497.294888,3608.339505,3612.939381,3726.386286,3824.900694,3901.026826,3941.596026,4026.122706,4174.625137,4245.564837,4134.527945,4483.24828,4525.132677,4619.564515,4677.806489,4656.246161,4710.25261,4823.890564,4945.787235,5249.935529
Africa,5.255756,6.291406,7.040881,7.760311,9.030086,9.678023,11.318696,15.523806,19.864936,25.564956,28.629041,33.817242,39.390327,39.860592,44.288413,50.330906,51.505405,55.553338,60.446475,58.786265,62.776792,64.95594,70.054874,71.881854,74.455685,77.250758,83.223475,85.838856,93.337884,98.044562,112.550946,116.995073,131.144644,131.871549,153.350653,162.83217,172.914719,176.209799,172.565276,184.181107,206.002734,217.094224,214.354387,220.779137,229.993865,236.84808,263.518468,275.14855
Americas,1319.827483,1346.983884,1347.691398,1312.986087,1219.451696,1244.537855,1232.117315,1238.257101,1291.039499,1284.58208,1261.922875,1198.450785,1139.40071,1214.662619,1189.779937,1127.290986,1179.564294,1244.492161,1299.835563,1262.308871,1288.25947,1325.413343,1374.940397,1410.899625,1467.140541,1518.282821,1566.705559,1563.50535,1573.548318,1649.979878,1596.895298,1659.755852,1665.121778,1685.531652,1681.555665,1676.499295,1765.533008,1789.426392,1749.318143,1846.174727,1889.029176,1972.601839,2017.694354,2063.484948,2116.736042,2111.813825,2088.966304,2272.293869
Asia,..,..,..,..,..,..,..,..,..,..,..,..,..,..,..,..,..,..,..,573.957273,611.447327,624.602947,656.714088,704.734186,748.766949,771.134375,829.896346,883.004812,948.013463,993.487896,1055.202317,1130.307473,1210.575604,1301.184447,1376.497756,1518.99385,1630.270259,1730.632463,1748.178437,1961.204165,2061.669377,2122.230566,2195.379826,2251.719212,2316.527985,2409.717479,2522.75417,2633.381621
Europe,..,..,..,..,..,..,..,..,..,..,..,..,..,..,..,..,..,..,..,1739.865714,1794.904445,1723.127216,1703.719016,1641.228112,1645.271553,1735.876135,1685.930241,1691.110392,1748.972556,1766.108039,1801.648003,1816.432799,1901.188049,1923.623948,1943.965656,1942.7291,1936.484986,1962.018363,1827.309017,1977.740153,1897.140609,1855.322131,1825.006374,1711.129364,1688.507096,1756.327484,1803.612932,1841.764936
Oceania,4.245199,6.293478,7.688113,8.409008,9.29011,11.566653,14.540464,15.619536,16.13615,18.14338,21.025196,24.706473,24.716067,26.576976,29.087188,30.722507,31.577405,33.041767,34.077669,39.010593,38.048556,39.769205,40.9124,41.913768,43.989917,45.359863,46.78353,47.328115,50.138439,52.575388,56.014162,59.951826,54.230905,54.607813,54.87445,55.617511,63.484562,64.529048,66.602722,68.655343,68.823272,72.067508,73.00036,74.612,75.150074,77.049204,80.303187,81.574749
